Year,A020,A021,A022,A029,A04,A040,A041,A042,A044,A047,A049,A062,A079,A08,A084,A09,A090,A150,A153,A156,A159,A162,A165,A169,A170,A178,A180,A181,A183,A188,A198,A199,A203,A207,A221,A227,A239,A241,A244,A31,A310,A319,A329,A39,A390,A394,A400,A401,A402,A403,A404,A409,A410,A412,A414,A415,A418,A419,A421,A439,A480,A481,A483,A491,A498,A499,A523,A539,A548,A560,A690,A748,A753,A799,A810,A812,A830,A850,A86,A90,A91,B007,B008,B009,B01,B011,B013,B021,B027,B029,B16,B169,B171,B179,B181,B182,B19,B20,B203,B211,B221,B24,B250,B251,B259,B332,B342,B348,B359,B37,B371,B376,B377,B378,B379,B44,B440,B447,B449,B45,B451,B457,B459,B460,B465,B479,B482,B484,B487,B488,B49,B520,B550,B59,B690,B789,B838,B909,B95,B950,B951,B953,B954,B956,B96,B961,B964,B965,B966,B974,B981,B99,C009,C029,C049,C050,C051,C059,C06,C060,C069,C07,C08,C089,C099,C10,C109,C119,C12,C139,C14,C150,C159,C160,C161,C162,C164,C169,C17,C170,C179,C18,C180,C181,C182,C183,C184,C185,C186,C187,C189,C19,C20,C21,C210,C211,C218,C22,C220,C221,C223,C227,C229,C23,C24,C240,C241,C249,C25,C250,C252,C254,C259,C260,C269,C30,C300,C31,C310,C319,C321,C329,C349,C37,C38,C380,C383,C384,C40,C402,C410,C411,C414,C419,C430,C432,C433,C437,C439,C443,C449,C450,C451,C459,C46,C469,C47,C48,C480,C481,C482,C49,C490,C492,C494,C499,C50,C509,C519,C52,C53,C530,C538,C539,C54,C541,C543,C549,C55,C559,C56,C569,C58,C609,C61,C62,C629,C63,C64,C65,C66,C669,C676,C679,C68,C680,C688,C691,C709,C71,C711,C716,C719,C720,C729,C73,C740,C741,C749,C75,C751,C753,C759,C76,C762,C763,C771,C78,C780,C781,C785,C786,C787,C788,C79,C790,C791,C793,C795,C796,C798,C799,C80,C800,C801,C809,C81,C810,C819,C822,C829,C83,C830,C833,C835,C837,C838,C839,C84,C840,C844,C845,C849,C85,C851,C857,C858,C859,C861,C862,C864,C880,C90,C900,C901,C902,C91,C910,C911,C913,C914,C915,C919,C92,C920,C921,C922,C923,C924,C925,C926,C927,C929,C930,C931,C939,C94,C940,C942,C944,C945,C946,C947,C95,C950,C951,C952,C959,C96,C966,C969,D010,D011,D013,D039,D072,D119,D134,D136,D180,D189,D201,D21,D280,D281,D282,D303,D311,D32,D329,D376,D379,D391,D401,D409,D432,D444,D46,D462,D469,D471,D473,D474,D479,D481,D483,D486,D561,D59,D591,D594,D595,D599,D610,D618,D619,D64,D649,D65,D66,D688,D689,D693,D694,D696,D70,D721,D728,D735,D75,D758,D759,D76,D761,D762,D763,D802,D82,D821,D823,D84,D89,D891,D898,E049,E059,E064,E10,E100,E101,E109,E11,E111,E112,E118,E130,E131,E14,E140,E141,E142,E148,E162,E232,E272,E274,E34,E43,E46,E512,E740,E752,E830,E849,E85,E851,E859,E86,E87,E870,E872,E875,E877,E88,E883,E889,F019,F03,F10,F100,F102,F104,F190,G001,G002,G008,G009,G031,G039,G04,G040,G042,G049,G05,G06,G060,G061,G062,G111,G122,G20,G210,G231,G232,G309,G31,G35,G40,G409,G419,G464,G589,G610,G619,G629,G700,G710,G712,G713,G724,G822,G859,G909,G911,G919,G930,G931,G934,G935,G936,G938,G939,G951,G952,G959,G978,H200,H441,H71,I012,I050,I051,I052,I059,I070,I080,I099,I10,I11,I110,I119,I120,I129,I130,I170,I189,I200,I21,I210,I211,I213,I214,I219,I230,I232,I248,I249,I251,I252,I253,I254,I255,I256,I259,I26,I269,I27,I270,I279,I301,I311,I312,I313,I314,I319,I320,I33,I330,I339,I340,I349,I350,I351,I38,I400,I409,I420,I421,I422,I424,I426,I428,I429,I442,I456,I461,I464,I469,I472,I48,I489,I490,I495,I499,I50,I500,I501,I509,I513,I514,I516,I517,I519,I520,I60,I600,I605,I607,I608,I609,I61,I610,I611,I613,I614,I615,I616,I618,I619,I62,I620,I621,I629,I63,I633,I634,I635,I636,I639,I64,I652,I669,I678,I679,I680,I694,I70,I709,I710,I711,I712,I713,I714,I715,I716,I718,I719,I72,I720,I723,I726,I728,I729,I73,I730,I739,I744,I749,I772,I776,I802,I820,I822,I829,I832,I839,I85,I850,I859,I862,I864,I87,I891,I959,I96,I971,I982,I983,I989,I99,J01,J019,J029,J051,J060,J069,J09,J100,J11,J110,J111,J121,J128,J129,J15,J151,J152,J156,J159,J171,J18,J180,J181,J182,J184,J188,J189,J204,J206,J209,J219,J32,J328,J329,J36,J390,J391,J393,J40,J42,J439,J44,J440,J441,J448,J449,J459,J46,J47,J471,J628,J64,J671,J674,J681,J683,J690,J70,J700,J703,J80,J81,J810,J840,J841,J849,J850,J851,J852,J853,J86,J869,J898,J90,J91,J93,J939,J942,J948,J95,J954,J955,J96,J960,J961,J969,J981,J984,J985,J986,J988,J989,J99,J998,K076,K088,K103,K113,K122,K20,K223,K225,K228,K25,K250,K251,K254,K255,K256,K259,K26,K260,K261,K262,K263,K264,K265,K269,K27,K270,K271,K274,K275,K279,K289,K297,K31,K311,K318,K319,K350,K358,K359,K37,K403,K409,K413,K419,K429,K430,K433,K460,K469,K501,K509,K512,K515,K519,K528,K529,K55,K550,K551,K559,K56,K560,K562,K565,K566,K567,K57,K570,K571,K572,K573,K578,K579,K593,K610,K613,K62,K625,K626,K628,K631,K633,K639,K65,K650,K651,K652,K654,K658,K659,K66,K661,K668,K673,K68,K701,K702,K703,K704,K709,K710,K711,K72,K720,K721,K729,K74,K741,K743,K745,K746,K749,K75,K750,K759,K761,K765,K766,K767,K768,K769,K803,K810,K811,K819,K82,K821,K822,K83,K830,K831,K832,K838,K85,K851,K858,K859,K860,K861,K862,K868,K90,K912,K918,K920,K922,K929,L00,L02,L021,L022,L023,L024,L029,L03,L031,L038,L039,L049,L088,L089,L10,L120,L270,L302,L511,L512,L89,L930,L97,M009,M061,M069,M139,M300,M310,M311,M313,M314,M318,M320,M329,M331,M332,M349,M351,M359,M430,M45,M464,M465,M469,M47,M480,M490,M60,M600,M622,M629,M651,M659,M725,M726,M761,M798,M80,M86,M861,M866,M869,M889,N01,N03,N04,N05,N057,N10,N111,N119,N12,N135,N136,N151,N170,N171,N179,N18,N180,N186,N189,N19,N200,N201,N209,N210,N280,N304,N309,N321,N323,N324,N34,N390,N492,N498,N499,N649,N700,N832,N840,N859,P220,P236,P252,P253,P351,P362,P363,P368,P370,P702,P780,P788,P91,P910,P916,Q053,Q200,Q210,Q213,Q249,Q253,Q278,Q282,Q438,Q446,Q613,Q618,Q850,Q874,Q909,R001,R02,R04,R042,R048,R06,R090,R092,R093,R161,R18,R190,R222,R269,R39,R509,R53,R54,R56,R568,R569,R57,R570,R571,R577,R579,R58,R630,R633,R638,R65,R651,R659,R68,R688,R78,R788,R99,S020,S061,S062,S064,S065,S066,S067,S068,S069,S089,S097,S099,S129,S141,S219,S224,S297,S311,S318,S327,S360,S368,S37,S370,S599,S710,S72,S720,S729,S750,T009,T049,T068,T07,T093,T094,T141,T172,T173,T174,T178,T179,T213,T300,T303,T314,T317,T318,T319,T383,T391,T40,T401,T402,T427,T430,T439,T451,T461,T477,T509,T510,T519,T520,T549,T58,T65,T658,T670,T680,T71,T719,T751,T758,T782,T793,T80,T802,T81,T810,T812,T814,T82,T821,T824,T827,T828,T829,T83,T84,T849,T857,T86,T860,T861,T864,T868,T874,T887,T889,T983,U071,U09,W79,W80,Z081
2003,0,0,0,0,0,0,0,0,0,0,0,0,0,0,0,0,0,0,0,0,0,2,0,0,0,0,0,0,0,0,0,0,0,0,0,0,0,0,0,0,0,0,0,0,0,0,0,0,0,0,0,0,0,0,0,0,0,41,0,0,0,0,0,0,0,0,0,0,0,0,0,0,0,0,0,0,0,0,0,0,0,0,0,0,0,0,0,0,0,0,0,0,0,0,2,1,0,0,0,0,0,1,1,0,0,0,0,0,0,0,0,0,0,1,0,0,0,0,0,0,1,0,0,0,0,0,0,0,0,0,0,0,0,0,0,0,0,1,0,0,0,0,0,0,0,0,0,0,0,0,0,0,0,1,1,0,0,0,0,0,0,0,0,0,0,0,0,5,1,0,0,0,2,0,0,0,0,14,0,0,0,0,1,0,0,0,0,0,0,2,16,0,4,0,0,0,0,0,12,6,0,0,2,1,0,1,0,0,0,0,0,0,7,0,0,0,0,0,0,0,0,1,11,2,0,0,0,0,0,0,0,0,0,1,0,0,0,1,1,0,0,0,0,1,0,0,0,0,0,0,0,0,0,0,0,1,0,7,0,0,0,0,0,3,0,0,0,1,1,0,1,0,0,0,3,0,0,0,1,0,0,0,0,0,0,0,0,0,1,0,0,0,0,0,1,0,0,0,0,0,0,0,0,0,0,0,0,0,0,0,0,0,2,0,0,0,1,0,1,0,0,0,2,0,0,0,0,0,2,0,0,0,0,0,0,0,0,0,0,0,1,0,0,0,1,0,0,21,0,0,0,0,0,0,0,0,0,2,0,0,0,0,0,0,13,1,0,0,0,0,0,0,0,0,0,0,0,0,0,0,0,0,0,0,4,0,0,5,0,0,0,0,0,0,0,0,0,0,0,0,0,0,0,0,0,0,0,0,0,0,0,0,0,0,0,3,0,0,0,1,0,0,0,0,0,0,0,0,0,0,0,1,0,0,0,4,0,0,5,0,0,0,0,0,0,1,0,0,0,0,0,0,0,0,0,0,0,0,0,0,0,0,0,0,0,0,0,0,0,0,0,0,1,0,0,0,0,3,0,0,0,1,0,0,0,0,0,0,0,0,0,0,0,0,0,0,0,0,0,0,0,0,0,0,0,0,0,0,0,0,0,0,0,0,0,0,0,0,0,0,0,0,0,0,0,0,0,0,0,0,2,0,0,0,0,0,0,0,1,0,0,0,0,0,0,0,1,0,0,0,0,0,0,0,0,0,1,0,0,0,0,0,1,0,0,0,0,0,0,0,0,0,0,0,0,0,2,1,0,0,0,1,0,0,0,0,6,0,0,0,0,0,20,0,0,0,1,1,0,0,0,0,0,5,0,1,0,0,1,0,0,0,0,0,0,0,0,1,0,0,0,0,0,0,0,0,0,0,0,0,0,0,0,0,1,0,0,1,0,0,0,0,0,0,0,4,0,1,0,0,0,0,0,0,0,0,0,0,0,1,0,1,0,1,1,0,0,0,4,0,1,0,2,0,0,0,0,0,5,4,0,0,0,1,0,2,0,0,0,0,1,2,0,0,0,0,1,0,0,0,0,0,0,0,0,1,0,0,0,0,0,1,0,0,0,0,0,1,0,0,0,0,0,0,0,0,0,0,0,0,0,0,0,0,0,0,0,0,0,0,0,0,3,24,0,0,5,0,0,0,0,2,0,0,0,0,143,0,0,0,1,0,0,0,0,0,0,0,0,0,0,0,0,0,0,16,0,0,1,0,0,0,0,0,0,0,8,0,1,0,1,2,0,1,0,0,0,0,0,0,0,0,0,0,0,0,1,0,0,0,0,0,0,0,0,7,0,0,0,0,0,3,0,0,0,0,0,0,0,0,0,0,0,0,0,0,0,1,1,0,0,0,0,0,0,0,2,1,0,0,0,0,0,0,0,0,0,1,0,0,0,0,0,0,0,0,0,0,0,0,0,0,0,0,0,0,0,0,0,0,0,2,0,2,0,0,0,0,7,0,0,0,0,1,1,2,1,0,0,0,0,0,0,1,3,0,0,0,4,0,0,0,0,9,0,0,0,0,0,0,0,1,0,0,0,0,0,3,0,8,0,0,0,0,19,0,0,3,0,0,0,0,0,0,0,1,1,0,2,0,0,0,0,9,0,0,0,6,0,0,0,0,0,0,0,0,0,0,0,4,0,0,0,0,0,0,0,0,0,0,0,1,0,0,0,0,0,0,0,2,0,1,0,0,1,0,0,0,1,1,0,1,0,0,0,6,0,0,0,0,0,0,0,0,0,0,0,0,0,0,0,0,0,0,0,1,0,0,0,0,0,0,0,0,0,0,0,0,0,0,0,0,0,0,0,0,0,0,0,7,0,12,0,5,7,0,0,0,0,0,0,0,0,0,0,0,11,0,0,0,0,0,0,0,0,0,0,0,0,0,0,0,0,0,0,0,0,0,0,0,0,0,0,0,0,0,0,0,0,0,0,0,0,0,0,0,1,0,1,0,0,0,0,0,0,0,0,0,0,0,0,0,1,0,0,0,0,0,0,0,0,0,0,0,0,0,0,0,0,0,0,0,8,0,0,0,0,0,0,0,0,0,0,0,0,0,0,0,0,0,0,0,0,1,0,0,0,0,0,0,0,1,0,0,0,0,3,0,0,1,0,0,0,0,0,0,0,0,1,0,0,0,0,0,0,0,0,0,0,0,0,0,0,0,0,0,0,0,1,0,0,0,0,1,0,0,0,0,0,0,0,0,0,0,0,0,0,0,0,0,0,0,0,0,0,0,0,0,0,0,0,0,0,0,1,0,0,0,0
2004,0,0,0,0,0,0,0,0,0,0,0,0,0,0,0,0,0,0,0,0,0,2,0,1,1,0,0,0,0,0,0,2,0,0,0,0,0,0,0,0,1,0,0,0,0,0,0,0,0,0,0,0,2,0,0,0,0,58,0,0,0,0,0,0,0,0,0,0,0,0,0,0,0,0,0,0,0,0,0,0,0,0,0,0,0,0,0,0,0,0,0,0,0,0,2,2,0,0,0,0,0,2,0,0,0,0,0,0,0,0,0,0,0,0,0,0,0,0,0,0,0,0,0,0,0,0,0,0,0,0,0,0,0,0,0,0,0,0,0,0,0,0,0,0,0,0,0,0,0,0,0,1,0,0,1,0,0,0,0,0,0,0,0,0,0,0,0,3,1,0,0,0,3,0,0,0,0,6,0,0,0,0,2,0,0,0,0,0,1,2,6,0,4,0,0,0,0,0,22,11,0,0,2,3,0,1,1,0,0,0,0,0,10,0,0,0,0,0,0,0,0,1,22,1,0,0,0,0,0,0,0,0,0,0,0,1,0,0,0,0,0,0,0,0,0,0,0,0,0,0,0,0,0,0,0,2,0,4,0,0,0,0,0,2,0,0,0,1,1,0,2,0,0,0,3,0,0,0,1,0,0,0,0,2,0,0,0,0,0,0,0,0,0,0,0,1,0,0,0,0,0,0,0,0,0,1,0,0,2,0,1,0,0,0,0,0,0,1,0,0,0,0,6,0,0,0,0,0,3,0,0,0,0,0,0,4,1,0,0,0,0,1,0,0,1,0,0,25,0,0,0,0,0,2,0,0,0,5,0,0,0,0,0,0,15,4,0,0,0,0,0,0,2,0,0,0,0,0,0,0,1,0,0,0,3,0,0,9,0,0,0,0,0,0,0,0,0,0,0,0,0,0,0,0,0,0,0,0,0,0,0,0,0,0,0,0,1,0,0,4,0,0,0,0,0,0,0,0,0,0,0,0,0,0,0,2,0,0,3,0,0,0,1,0,0,0,0,0,0,0,0,0,0,0,0,0,0,0,0,0,0,0,0,0,0,1,0,0,0,0,0,0,0,0,0,0,0,0,0,1,1,0,0,0,0,1,0,0,0,0,0,0,0,0,0,0,0,0,0,0,1,0,0,0,0,0,0,2,0,0,0,0,0,0,0,0,0,0,1,0,0,0,0,0,0,0,0,0,0,0,1,0,0,0,0,0,0,0,0,0,0,0,0,0,0,0,0,0,0,0,0,0,0,0,0,0,0,0,0,1,0,0,0,0,0,0,0,0,0,0,0,0,0,0,0,0,0,4,0,0,1,0,0,0,0,0,4,0,0,0,0,0,18,0,0,0,0,0,0,0,0,0,0,12,0,2,0,0,0,0,0,0,0,0,0,0,0,2,0,0,0,0,0,0,0,0,1,0,0,0,0,0,0,0,0,0,0,1,0,0,0,0,0,2,0,6,0,0,0,0,0,1,0,0,0,0,0,0,0,4,0,0,0,2,0,0,0,0,5,0,0,0,9,0,0,0,0,0,3,19,0,0,0,2,0,1,0,1,0,0,0,1,0,0,0,1,0,0,0,0,0,0,0,0,0,0,0,0,0,0,0,0,0,0,1,0,0,0,0,0,0,0,0,0,0,0,0,0,0,0,0,0,0,0,0,0,0,0,0,0,0,0,0,0,0,0,3,0,0,0,0,1,2,0,0,0,167,0,0,0,0,0,0,0,0,0,1,0,0,0,0,0,0,2,0,3,0,0,5,0,2,1,0,0,0,0,9,0,0,0,2,1,0,0,0,0,0,0,1,0,0,1,0,0,0,0,0,0,0,0,0,0,0,0,0,8,0,0,1,0,0,0,0,0,0,0,0,0,0,0,1,0,0,0,0,0,0,0,0,0,0,1,0,0,0,0,1,1,0,0,0,0,4,0,0,0,0,0,0,0,0,0,0,0,0,0,0,2,0,0,0,0,0,0,0,0,0,0,0,0,0,3,0,4,0,0,0,0,2,0,0,0,0,0,0,0,1,0,0,0,0,0,0,1,2,1,0,0,3,0,0,0,0,6,0,1,0,0,0,0,0,1,0,0,0,0,0,0,0,9,0,0,1,0,14,0,0,4,0,0,0,0,0,0,0,0,2,0,0,0,0,0,0,24,0,0,0,3,0,0,0,0,1,0,0,0,0,0,0,8,0,0,0,0,0,0,0,0,0,0,0,1,0,0,1,0,0,0,0,0,0,2,0,0,0,0,1,0,0,0,0,1,0,0,0,4,0,1,0,1,0,0,1,0,0,1,0,0,0,0,1,0,0,0,0,2,0,0,0,0,0,0,0,0,0,0,0,0,0,0,1,0,0,0,0,0,1,1,0,16,0,20,0,8,3,1,0,0,0,0,0,0,0,0,0,0,14,0,1,0,0,0,0,0,0,0,0,0,0,0,0,0,0,0,0,0,0,0,0,0,0,0,0,0,0,0,1,0,0,0,0,0,0,0,0,0,0,0,0,0,0,0,0,0,0,0,0,0,0,0,0,0,1,0,0,0,0,0,1,0,0,1,0,0,0,0,0,0,0,0,0,0,12,0,0,0,0,1,0,0,0,0,0,0,0,0,0,0,1,0,0,1,0,0,0,0,0,0,0,0,1,0,0,0,0,0,2,0,0,0,0,0,0,0,0,0,0,0,0,0,1,1,0,0,0,0,0,0,0,0,0,0,0,0,0,0,0,0,0,0,0,0,0,0,0,0,0,0,0,0,0,0,0,1,0,0,0,0,0,0,0,0,0,0,0,0,0,0,0,0,0,1,0,0,0,0,0,0,0
2005,0,0,0,0,0,0,0,0,0,1,0,0,0,0,0,0,0,0,0,0,0,2,0,0,0,0,0,0,1,0,0,1,0,0,0,0,0,0,0,0,0,0,0,0,0,0,0,0,0,0,0,0,1,0,0,1,0,59,0,1,0,0,0,0,0,0,0,0,0,0,0,0,0,0,0,0,0,0,0,0,0,0,0,0,0,0,0,0,0,0,0,0,0,0,2,0,0,0,0,0,0,1,0,0,0,0,0,0,0,0,0,0,0,1,1,0,1,0,0,0,0,0,0,0,0,0,0,0,0,0,0,0,0,0,0,0,0,0,0,0,0,0,0,0,0,0,0,0,0,0,0,0,1,1,0,0,0,0,0,0,0,0,0,0,0,0,1,4,0,0,0,0,4,0,0,0,0,8,0,1,3,0,0,0,0,0,0,1,0,1,20,0,8,0,1,0,0,0,13,11,0,0,2,2,0,0,1,0,0,0,0,0,11,0,0,0,0,0,0,0,0,0,12,0,0,0,0,0,0,0,0,0,0,1,0,0,0,0,1,2,0,0,0,0,0,0,0,0,0,0,0,0,0,0,0,6,0,3,0,0,0,0,0,2,0,0,0,1,3,0,1,0,0,0,3,0,0,0,1,0,0,0,0,5,0,0,0,0,0,0,0,0,0,0,0,0,0,0,0,0,0,0,0,0,0,0,0,0,0,0,0,1,1,1,0,0,0,0,0,0,0,0,7,0,0,0,0,0,0,0,0,0,0,0,0,0,2,0,0,0,1,0,0,0,2,0,0,22,0,0,0,0,0,6,0,0,0,2,0,0,1,0,0,0,28,1,1,0,1,0,0,0,0,0,0,0,0,1,0,0,1,0,0,0,7,0,0,7,0,0,0,0,0,0,0,0,0,0,0,0,0,0,0,0,0,0,0,0,0,0,0,0,0,0,0,1,0,0,0,4,0,0,0,0,0,0,0,0,0,0,0,0,0,0,0,3,0,0,2,0,0,0,0,0,0,1,0,0,0,0,0,0,0,0,0,0,0,0,0,0,0,0,0,0,0,0,0,0,0,0,0,0,0,0,0,0,0,0,0,1,0,0,0,0,0,0,0,0,0,0,0,0,0,0,0,0,0,0,0,0,0,0,0,0,0,0,1,2,0,0,0,0,0,0,0,0,0,0,2,0,0,0,0,0,0,1,0,0,0,0,0,0,0,0,0,0,0,0,1,0,0,0,1,0,1,0,0,0,0,0,0,0,0,0,0,0,2,0,0,0,0,0,0,0,0,0,0,0,0,0,0,0,0,0,0,0,1,0,0,1,0,0,0,0,0,0,4,0,0,0,0,0,20,0,0,0,1,1,0,0,0,0,0,7,0,0,0,0,0,0,0,0,0,0,0,0,0,3,0,0,0,0,0,0,0,0,1,0,0,0,1,0,0,0,0,1,0,1,0,1,0,1,0,1,0,14,0,2,0,1,0,0,1,0,0,0,0,1,0,0,0,0,0,0,0,0,0,0,2,0,1,0,3,0,0,0,0,0,2,9,0,0,0,1,0,0,0,0,0,0,0,2,1,0,0,0,0,0,0,0,0,0,1,0,0,1,0,0,0,0,0,0,0,0,0,0,0,0,2,0,0,0,0,0,0,0,0,0,0,0,0,0,0,0,0,0,0,0,0,0,0,0,0,0,0,1,0,0,0,0,0,2,0,0,0,0,198,0,0,0,0,0,0,0,0,0,0,0,0,0,1,0,0,0,0,12,0,1,2,0,1,0,0,0,0,0,9,0,0,0,2,1,0,0,0,1,0,0,0,0,0,1,0,0,0,0,0,0,0,0,0,0,0,0,0,2,0,0,0,0,0,1,0,0,0,0,0,0,1,0,0,0,0,0,0,0,0,0,0,1,0,0,0,0,0,0,5,2,0,0,0,0,2,0,0,0,0,0,0,0,0,0,0,0,0,0,0,0,0,0,0,0,0,1,0,0,0,0,0,0,0,4,0,6,0,0,0,0,6,0,0,0,0,0,1,2,0,0,0,0,0,0,0,2,8,0,0,0,0,0,0,0,0,15,0,2,0,0,0,0,1,4,0,0,1,0,0,0,0,7,0,0,0,0,16,0,0,3,3,0,0,0,1,0,0,0,2,0,0,0,0,0,0,12,0,0,0,4,0,0,0,1,0,0,1,0,0,0,0,4,0,0,0,0,0,0,0,0,0,0,0,1,0,0,0,0,0,0,0,0,0,2,0,0,0,0,0,0,0,0,1,0,0,0,1,3,0,0,1,0,0,0,0,0,0,0,0,0,0,0,0,0,0,0,0,9,0,0,0,0,0,0,0,0,0,1,0,0,0,0,0,0,0,0,0,0,0,0,0,11,0,15,0,5,8,0,0,0,0,0,0,0,0,0,0,0,18,0,0,0,0,0,0,0,0,0,0,0,0,0,0,0,0,0,0,0,0,0,0,0,0,0,0,1,0,0,0,0,0,0,0,0,0,0,0,0,2,0,0,0,0,0,0,0,0,0,0,0,0,0,0,0,2,0,0,0,0,0,0,0,0,0,0,0,0,1,0,0,0,0,0,0,9,0,1,1,0,1,0,0,0,0,0,0,2,0,0,0,0,1,0,0,1,0,0,0,0,0,0,0,0,0,0,0,0,0,0,0,0,0,0,0,0,0,0,0,0,0,0,0,1,0,0,0,0,0,1,0,0,0,0,0,0,0,0,0,1,0,1,0,0,0,0,0,0,0,0,0,0,0,0,0,0,0,0,0,0,0,0,0,0,0,0,0,0,0,0,0,0,0,0,0,0,0,2,0,0,0,0
2006,0,0,0,1,0,0,0,0,0,0,0,0,0,0,0,0,0,0,0,0,0,8,0,5,0,1,0,0,1,0,0,1,0,0,0,0,0,0,0,0,0,0,0,0,0,0,0,0,0,0,0,0,1,0,0,0,0,66,1,0,0,0,0,0,0,1,0,0,0,0,0,0,0,0,0,0,0,0,0,0,0,0,0,0,0,0,0,0,0,1,0,0,0,0,1,1,0,0,0,0,0,2,0,0,2,0,1,0,0,0,0,0,0,0,0,0,0,0,0,0,0,0,0,0,0,0,0,0,1,0,1,0,0,0,0,0,0,0,0,0,0,0,0,0,0,0,0,0,0,0,0,0,0,0,0,0,0,0,0,0,1,0,0,0,0,0,1,6,1,0,0,0,0,0,0,0,0,10,0,0,0,0,1,0,0,0,0,0,0,6,18,1,9,0,0,0,0,0,21,12,0,0,4,2,0,1,2,0,0,0,0,0,11,0,0,0,0,0,0,0,0,0,19,0,0,0,0,0,0,1,0,0,0,0,0,0,0,0,0,0,0,0,0,0,0,0,0,0,0,0,0,0,0,0,0,0,0,3,0,0,0,0,0,5,0,0,0,0,0,0,2,0,0,0,4,0,0,0,0,0,0,0,0,4,0,0,0,0,0,0,0,0,0,0,0,0,0,0,1,0,0,0,0,0,1,0,0,0,1,0,0,0,2,1,0,0,0,0,0,0,0,0,6,0,0,0,0,0,1,0,0,0,0,1,0,0,1,0,0,0,1,1,0,0,1,0,0,16,0,0,0,0,0,4,0,0,0,5,1,0,0,0,0,0,27,0,0,0,0,0,0,0,0,0,0,0,0,0,0,0,1,0,0,0,4,0,0,6,0,0,0,0,0,0,0,0,0,0,0,0,0,0,0,0,0,0,0,0,0,0,1,0,0,0,0,0,0,0,0,4,0,0,0,0,0,0,0,0,0,0,0,0,0,0,0,0,0,0,1,0,0,0,0,0,0,0,0,0,0,0,0,0,0,0,0,0,0,0,0,0,0,0,0,0,0,0,0,0,0,0,0,0,0,0,0,0,0,4,0,0,1,0,0,0,0,0,0,0,0,0,0,0,0,0,0,0,0,0,0,1,0,0,0,0,0,0,0,1,0,1,0,0,0,0,0,1,0,0,0,0,1,0,0,0,0,0,0,0,0,0,0,0,0,0,0,0,0,0,0,0,0,0,0,0,0,0,0,0,0,0,0,0,0,0,0,0,0,0,0,0,0,0,0,0,0,0,0,0,0,0,0,0,0,0,0,0,0,2,0,1,0,0,0,0,0,0,4,0,0,0,0,0,14,0,0,0,0,1,0,0,0,0,0,7,0,0,0,0,0,0,0,0,0,0,0,0,0,6,0,0,0,1,0,0,0,0,2,0,0,0,0,0,0,0,0,0,0,1,0,0,0,0,0,0,0,13,0,2,0,0,0,0,0,0,0,0,0,0,0,1,0,0,0,0,0,0,0,0,2,0,1,0,9,0,0,0,0,0,3,8,0,0,0,1,0,2,0,0,1,0,0,4,1,0,0,1,0,0,0,0,0,0,0,0,0,0,0,0,0,0,0,0,0,0,0,0,0,1,0,0,0,0,0,0,0,0,0,0,0,0,0,0,0,0,0,0,0,1,0,0,0,0,0,0,0,0,1,0,0,0,0,2,1,0,0,0,159,0,0,0,0,0,0,0,0,0,0,0,0,0,0,0,0,0,0,8,1,0,0,0,0,0,0,0,0,0,7,0,0,0,2,1,0,0,0,2,0,0,0,0,0,1,0,0,0,0,0,0,0,0,0,0,0,0,0,5,0,0,0,0,0,2,0,0,0,0,0,0,1,0,1,0,0,0,0,0,0,1,0,1,0,0,0,0,0,0,5,1,0,0,0,0,3,0,0,0,0,0,0,0,0,0,0,0,0,0,0,1,0,0,0,0,0,0,0,0,0,0,0,0,0,2,0,3,0,0,1,1,6,0,0,0,0,0,1,0,0,0,0,0,0,1,0,1,3,0,2,0,1,0,0,0,0,10,0,1,0,0,0,0,0,0,0,0,0,0,0,0,0,7,0,0,1,0,13,0,0,4,0,0,0,0,0,0,0,0,3,0,1,0,0,0,0,10,0,0,0,11,0,0,0,0,0,0,0,0,0,0,0,4,0,0,0,0,0,0,0,0,0,0,0,0,1,0,0,0,0,0,0,1,0,1,0,0,1,0,0,0,1,0,1,0,0,0,0,3,1,0,0,0,0,0,0,0,0,2,0,1,0,0,0,0,0,0,0,5,0,0,0,0,0,0,0,0,0,0,0,0,0,0,2,0,0,0,0,0,0,0,0,12,0,10,0,4,4,0,1,0,0,0,0,0,0,0,0,0,16,0,0,0,0,0,0,0,0,2,0,0,0,0,0,0,0,0,0,0,0,0,0,0,0,0,0,0,0,0,0,0,0,0,0,0,0,1,0,0,1,0,0,0,0,0,0,0,0,0,0,0,0,0,0,0,1,0,0,0,0,0,1,0,0,0,0,0,0,0,0,0,0,0,0,0,6,0,0,0,0,1,0,0,0,0,0,0,0,0,0,0,0,0,0,0,0,0,0,0,0,0,0,0,0,0,0,0,0,0,1,0,0,0,0,0,0,0,0,0,0,0,0,0,0,0,0,0,0,0,0,0,1,0,0,0,0,0,1,0,0,0,1,0,0,0,0,2,0,0,0,0,0,0,0,0,0,0,0,0,0,0,0,0,0,0,0,0,1,0,0,0,0,0,0,0,0,0,0,0,0,0,0
2007,0,1,1,0,0,0,0,0,0,0,0,0,0,0,0,0,0,0,0,0,0,1,0,4,0,0,0,0,0,0,0,3,0,0,0,0,0,0,0,0,0,0,0,0,0,0,0,0,0,0,0,0,0,0,0,0,0,41,0,0,0,0,0,0,0,0,0,0,0,0,0,0,0,0,0,0,0,0,1,0,0,0,0,0,0,0,0,0,0,0,0,0,0,0,1,2,0,0,0,0,0,2,1,0,0,0,0,0,0,0,0,0,0,0,0,0,0,0,0,0,1,0,0,0,0,1,0,0,0,0,2,0,0,0,0,0,0,0,0,0,0,0,0,0,0,0,0,0,0,0,0,0,0,0,0,0,0,0,0,0,0,0,0,0,0,0,0,0,0,0,0,0,0,0,0,0,0,7,0,1,0,0,1,0,0,0,0,0,0,0,11,2,7,0,0,0,0,0,10,15,0,0,1,2,0,0,4,0,0,0,0,0,14,0,0,0,1,0,0,0,0,0,13,0,0,1,0,1,0,0,1,0,0,0,0,0,0,0,0,0,0,0,0,0,0,0,0,0,0,0,0,0,0,0,0,1,0,5,0,1,0,0,0,2,0,0,0,0,0,0,1,0,0,0,1,0,0,0,0,0,0,0,0,4,0,0,0,0,0,0,0,0,1,0,1,1,0,0,0,0,0,0,1,0,0,0,0,0,0,0,1,0,1,1,0,0,0,0,2,0,1,0,6,0,0,0,0,0,1,0,0,0,0,2,0,1,2,0,0,0,0,1,0,0,1,0,0,20,0,0,0,0,0,3,1,0,0,6,0,1,0,0,0,0,22,2,0,1,0,0,0,0,0,0,0,0,0,0,0,0,0,0,0,0,2,0,0,6,0,0,0,0,0,0,0,0,0,0,0,0,0,0,0,0,0,0,0,0,0,0,1,0,0,0,0,0,0,0,0,7,0,0,0,0,0,0,0,0,0,0,0,0,0,0,0,2,0,1,2,0,0,0,0,0,0,0,0,0,0,0,0,0,0,0,0,0,0,0,0,0,0,0,0,0,0,0,0,0,0,0,0,0,0,0,1,0,0,1,1,0,0,0,0,0,0,0,0,0,0,0,0,0,0,0,0,0,0,0,0,0,0,0,0,0,0,0,0,2,0,0,0,0,0,0,0,0,0,0,0,0,0,0,0,0,0,0,0,0,0,0,0,0,0,0,0,0,1,0,0,0,0,0,0,0,0,0,0,0,0,0,0,0,0,0,0,0,1,1,0,0,0,0,0,1,0,0,0,0,0,0,0,0,0,0,0,0,0,0,0,0,1,0,0,0,0,0,7,0,0,0,0,0,7,0,0,0,1,2,0,0,0,0,0,7,0,1,0,0,0,0,0,0,0,0,0,0,0,3,0,0,0,1,0,0,0,0,0,0,0,0,0,0,0,0,0,0,0,0,0,1,0,0,0,0,0,10,0,3,0,0,0,0,0,0,0,0,0,0,0,2,0,1,0,0,1,1,0,0,3,0,0,0,2,0,0,0,0,0,0,9,0,0,0,0,0,0,0,0,1,0,0,3,0,0,0,1,0,0,0,0,0,0,0,0,0,0,0,0,0,0,1,0,0,0,0,0,0,0,0,0,1,0,0,0,0,0,0,0,0,0,0,0,0,0,0,0,0,0,0,0,0,0,0,0,0,0,1,0,0,0,1,3,0,0,0,0,149,0,0,0,0,0,0,0,0,0,0,0,0,0,0,0,0,1,1,7,0,1,0,0,0,1,0,0,0,0,7,0,0,0,0,1,0,0,0,0,0,0,0,0,0,0,0,0,0,0,0,1,0,0,0,0,0,0,0,4,0,0,0,0,0,0,0,0,0,1,0,0,0,0,0,0,0,0,0,0,0,1,0,1,0,0,0,0,0,0,5,0,0,0,0,0,1,0,0,0,0,0,0,0,1,0,0,0,0,0,0,0,0,0,0,0,0,0,0,0,0,0,0,0,0,3,0,2,0,0,0,0,1,1,0,0,0,0,0,0,0,0,0,0,0,1,0,0,3,0,0,0,0,0,0,0,0,8,0,1,0,0,0,0,0,1,0,0,0,0,0,3,0,5,0,0,0,0,12,0,0,0,1,0,0,0,0,0,1,0,0,0,0,0,0,0,0,9,0,0,0,3,0,0,0,0,0,0,0,0,0,0,0,10,0,0,0,0,1,0,0,0,0,0,0,0,0,0,0,0,0,0,0,0,0,1,0,0,2,0,0,0,1,0,0,0,0,0,0,3,0,0,1,0,0,0,0,0,0,0,0,0,0,0,0,0,0,0,0,7,0,0,0,0,0,0,0,0,0,0,0,0,0,0,0,0,0,1,0,2,0,0,0,4,0,11,0,9,3,1,0,0,0,0,0,0,0,0,0,0,14,0,0,0,0,0,0,0,0,0,0,0,0,0,0,0,0,0,0,0,0,0,0,0,0,0,0,0,0,0,0,0,0,0,0,0,0,0,0,0,1,0,0,0,0,0,0,1,0,0,0,0,0,0,0,0,2,0,0,0,0,0,0,0,0,0,0,0,0,0,0,0,0,0,0,0,6,0,0,0,0,0,1,0,0,0,0,0,2,0,0,0,0,0,0,0,0,0,0,0,0,0,0,0,0,0,0,0,0,0,2,0,0,0,0,0,0,0,0,0,0,0,0,0,0,0,0,0,0,0,0,0,0,0,0,0,0,0,0,0,0,0,1,0,0,0,0,0,0,0,0,0,0,0,0,0,0,0,0,0,0,0,0,0,0,0,0,0,0,0,0,0,0,0,0,0,0,0,0,0,0,0,0
2008,0,0,3,0,0,0,0,0,0,0,0,0,0,0,0,0,0,0,0,0,0,4,0,2,0,0,0,0,0,0,0,0,0,0,0,0,0,0,0,0,0,0,0,0,0,0,0,0,0,0,0,1,0,0,0,0,0,61,0,0,0,0,0,0,0,0,0,0,0,0,0,0,0,0,0,0,0,0,0,0,0,0,0,0,0,0,0,0,0,0,0,1,0,0,2,0,0,0,0,0,0,1,0,0,0,0,0,0,0,0,1,0,0,0,0,0,1,1,0,0,0,0,0,0,0,0,0,0,0,0,3,0,0,0,0,0,0,0,0,0,0,0,0,0,0,0,0,0,0,0,0,0,0,1,0,0,0,0,0,0,0,0,0,0,0,0,0,1,0,0,0,0,2,0,0,0,0,5,0,2,0,0,2,0,0,0,0,0,1,4,11,0,6,0,0,0,0,0,16,15,0,0,4,1,0,0,1,0,0,0,0,0,3,0,0,0,0,0,0,0,0,0,9,0,0,0,0,0,0,0,0,0,0,0,0,0,0,0,0,0,0,0,0,1,0,0,0,0,1,0,0,0,0,0,0,2,0,7,0,0,0,0,0,5,0,0,0,0,0,0,4,0,0,0,2,0,0,0,0,0,1,0,0,0,0,0,0,0,0,0,0,0,0,0,1,0,0,0,0,0,0,0,0,0,0,0,0,0,1,0,1,0,0,1,0,0,0,0,1,0,0,0,9,0,0,0,0,0,3,1,0,0,0,0,0,0,3,1,0,0,0,2,0,0,0,0,0,14,0,0,0,0,0,9,0,0,0,5,3,0,1,0,0,0,24,1,0,0,1,0,0,0,0,0,0,0,0,0,0,0,1,0,0,0,1,0,0,9,0,0,0,0,0,0,0,0,0,0,0,0,0,0,0,0,0,0,0,0,0,0,0,0,0,0,0,1,0,0,0,1,1,0,0,1,0,0,0,0,0,0,0,0,0,0,0,1,0,0,0,0,0,0,0,0,0,1,0,0,0,0,0,1,0,0,0,0,0,0,0,0,0,0,1,0,0,0,0,0,0,0,0,0,0,0,1,0,0,0,0,0,0,0,0,0,0,0,0,1,0,0,0,0,0,0,0,0,0,0,0,0,1,0,0,0,0,0,0,0,0,0,0,0,0,0,0,0,0,0,1,0,0,0,1,0,0,0,0,0,0,0,0,1,0,0,0,0,0,0,0,1,0,0,0,0,0,0,0,0,0,0,0,0,0,0,0,0,0,0,0,0,0,0,0,0,0,0,0,0,0,0,0,0,0,0,0,0,2,0,0,0,0,0,0,0,0,0,1,0,0,1,0,0,8,0,0,0,0,1,0,0,0,1,0,8,0,1,0,0,0,0,0,1,0,0,0,0,0,6,0,0,0,0,0,0,0,0,3,0,0,0,0,0,0,0,0,0,0,1,0,0,0,0,0,0,0,8,0,2,0,0,0,0,0,0,0,0,0,0,0,1,0,0,0,0,0,1,0,0,2,0,0,0,6,0,0,0,0,0,1,16,0,0,1,0,0,0,0,0,0,0,0,0,1,0,0,0,0,0,0,0,0,0,0,0,0,0,0,0,0,0,0,0,0,0,0,0,0,0,0,0,0,0,0,0,0,0,0,0,0,0,0,0,0,0,0,0,0,0,0,0,0,0,0,0,0,0,0,0,0,0,0,2,0,0,0,0,154,0,0,0,0,0,0,0,0,0,0,0,0,0,0,0,0,0,1,2,0,0,0,0,0,0,0,0,0,0,4,0,0,0,1,2,0,0,2,3,0,0,1,1,0,2,0,1,0,0,0,0,0,0,0,1,0,1,0,7,0,0,0,0,0,1,0,0,0,0,0,0,0,0,0,0,0,0,0,0,0,1,0,0,0,1,0,0,0,0,2,0,0,0,0,0,3,0,0,0,0,0,0,0,0,0,0,0,0,0,0,0,0,0,0,0,0,0,0,0,0,0,0,0,0,2,0,5,0,0,0,0,3,1,0,1,0,0,0,0,0,0,0,0,0,0,0,0,1,0,1,0,0,0,0,0,0,14,0,0,0,0,0,0,0,0,0,0,0,2,0,2,0,10,0,0,0,0,8,0,0,3,0,0,0,0,0,0,0,0,1,0,2,0,0,0,0,15,1,0,0,4,0,0,0,0,0,0,0,0,0,0,0,4,0,0,0,0,0,0,0,0,0,0,0,0,0,0,0,0,0,1,0,0,0,2,0,1,0,0,0,0,0,0,0,0,0,0,0,3,1,0,0,0,0,0,0,0,1,0,0,0,0,0,0,0,0,0,0,9,0,0,0,0,0,0,0,0,0,0,0,0,0,0,0,0,0,1,0,0,0,0,0,7,0,11,0,4,2,0,0,0,0,0,0,0,1,0,0,0,7,0,0,0,0,0,0,0,0,0,0,0,0,0,0,0,0,0,0,0,0,0,0,0,0,0,0,0,0,0,0,0,0,0,0,0,0,0,0,0,1,0,0,0,0,0,0,0,0,0,0,0,1,0,0,0,2,0,0,0,0,0,1,0,1,0,0,0,0,0,0,0,0,0,0,0,11,0,0,0,0,0,0,0,0,0,0,0,1,0,0,0,0,0,0,0,0,0,0,0,0,0,0,0,0,0,0,0,0,0,4,0,0,0,0,0,0,0,0,0,0,0,0,0,1,0,0,0,0,0,0,0,0,0,0,0,0,0,0,1,0,0,0,0,1,0,0,0,0,0,0,0,0,0,0,0,0,0,0,0,0,0,0,0,0,0,0,0,0,0,0,0,0,0,0,0,0,0,1,0,0,0,0
2009,0,0,0,0,0,0,0,0,0,0,0,0,0,0,0,0,0,0,0,0,0,4,0,4,0,0,1,0,0,0,0,2,0,0,0,1,0,0,0,0,0,0,0,0,0,0,0,0,0,0,0,0,2,0,0,1,0,42,0,0,0,0,0,0,0,0,0,0,0,0,0,1,0,0,0,0,0,0,0,0,0,0,0,0,0,0,0,0,0,0,0,0,0,0,2,0,0,0,0,0,0,1,0,0,0,0,0,0,0,0,0,0,0,0,0,0,0,0,2,0,0,0,0,0,0,0,0,0,0,0,0,0,0,0,0,0,0,0,0,0,0,0,0,0,0,0,0,0,0,0,0,0,0,0,0,0,0,0,1,0,0,0,0,0,0,0,0,3,0,0,0,0,2,0,0,0,0,2,0,0,0,0,1,0,0,0,0,0,0,0,13,1,6,0,0,0,0,0,15,7,1,0,1,6,0,1,0,0,0,0,0,0,12,0,1,0,0,0,0,0,0,1,11,1,0,0,0,0,0,0,0,0,0,1,0,0,0,0,0,2,0,0,0,0,0,0,0,0,0,0,1,0,0,0,0,0,0,8,0,0,0,0,0,0,0,0,0,0,2,0,1,0,0,0,1,0,0,0,2,0,0,0,0,2,0,0,0,0,0,0,0,0,0,0,1,0,0,0,0,0,0,0,0,0,0,0,0,0,2,0,0,0,0,0,0,0,0,1,0,0,0,0,12,0,0,0,0,0,3,0,0,0,0,1,0,2,4,0,0,0,1,0,0,0,2,0,0,11,0,0,0,0,0,6,0,0,0,7,0,1,0,0,1,0,23,3,0,0,1,0,0,0,1,0,0,0,0,0,0,0,2,0,0,0,4,0,1,5,0,0,0,0,0,0,0,0,0,0,0,0,0,0,0,0,0,0,0,0,0,0,0,0,0,0,0,2,0,0,0,1,0,0,0,0,0,0,0,0,0,0,0,0,0,0,0,2,0,0,1,0,0,0,0,0,0,0,0,0,0,0,0,0,0,0,0,0,0,0,0,0,0,0,0,0,0,0,0,1,0,1,1,0,0,0,0,0,0,0,0,0,0,0,0,0,0,0,0,0,0,0,0,0,0,0,0,0,0,0,0,0,0,0,0,0,0,0,0,3,0,0,0,0,0,0,0,0,0,0,0,0,0,0,0,0,0,0,0,0,0,0,0,0,0,0,1,0,0,0,1,0,0,0,0,0,0,0,0,0,0,0,0,0,0,0,0,0,0,0,1,0,0,0,0,0,0,0,0,0,0,1,0,0,0,0,0,0,0,0,0,0,1,0,0,0,0,0,3,0,0,1,0,0,15,0,0,0,0,1,0,0,0,1,0,5,0,0,0,1,0,0,0,0,0,0,0,0,0,3,1,0,1,0,0,0,0,0,0,0,0,0,0,1,0,0,0,0,0,2,0,0,0,0,0,0,0,15,0,2,0,1,0,0,0,0,0,0,0,0,0,2,0,0,0,1,0,0,0,0,5,0,1,1,2,0,0,0,0,0,3,5,0,0,0,0,0,0,0,0,1,0,0,0,0,0,0,0,0,0,0,0,0,0,0,0,0,1,0,0,0,0,0,0,0,0,0,0,0,1,0,0,0,0,0,0,0,1,0,0,0,0,0,0,1,0,0,0,0,0,0,2,0,0,0,0,0,0,1,0,0,0,0,2,1,0,0,0,170,0,0,0,1,0,0,1,0,0,0,0,1,0,0,0,0,0,0,5,0,0,0,0,0,1,0,0,0,0,4,0,0,0,3,3,0,0,1,1,0,0,2,0,0,0,0,2,0,0,0,0,0,0,0,0,0,0,0,7,0,1,0,1,0,4,0,0,0,0,0,0,0,0,0,0,0,0,0,1,0,0,0,0,0,0,0,0,0,0,3,2,0,0,0,0,2,0,0,0,0,0,0,1,0,0,0,1,1,0,0,0,0,0,0,2,0,0,0,0,0,0,0,0,0,1,0,8,0,0,1,0,1,0,0,0,0,0,0,0,0,0,0,0,0,0,0,0,1,0,0,0,0,0,0,0,1,7,0,0,0,0,0,0,0,1,1,0,0,0,0,4,0,12,0,0,0,1,6,0,0,4,1,0,0,0,0,0,0,0,4,0,0,0,1,0,0,10,0,1,0,3,0,0,0,0,0,0,0,0,0,0,0,6,0,0,0,0,1,0,0,0,0,0,0,0,1,0,0,0,0,0,0,0,0,4,0,0,1,0,0,0,0,0,0,0,0,0,0,0,0,0,0,0,0,0,0,0,0,0,0,0,0,0,0,0,0,0,0,3,0,0,0,0,0,0,0,0,0,0,0,0,0,0,1,0,0,0,0,0,0,0,0,6,0,18,0,2,4,0,0,0,0,0,0,1,0,0,0,0,13,0,0,0,0,0,0,0,0,0,0,0,0,0,0,0,0,0,0,0,0,0,0,0,0,0,0,0,0,0,0,0,1,0,0,0,0,0,0,0,0,0,0,1,0,0,0,2,0,0,0,0,0,0,0,0,3,0,1,0,0,0,0,0,0,0,0,0,0,0,0,0,0,0,0,1,19,0,0,0,0,0,0,0,1,0,0,0,0,0,0,0,0,0,0,0,0,0,0,0,0,0,0,0,0,0,0,0,0,0,3,0,0,0,0,0,1,0,0,0,0,0,0,0,0,0,0,0,0,0,0,0,0,0,0,0,0,0,0,0,0,0,0,0,0,0,0,0,0,0,0,0,0,0,0,0,0,0,0,0,0,0,0,0,0,0,0,0,0,0,1,0,0,0,0,0,0,0,0,0,0,0,0
2010,0,1,0,0,0,0,0,0,0,0,0,0,0,0,0,1,0,0,0,0,0,1,0,1,1,0,0,0,0,0,1,0,0,0,0,0,0,0,0,0,0,0,0,0,0,0,0,0,0,0,0,0,0,0,0,1,1,47,0,0,0,0,0,0,0,0,0,0,0,0,0,0,0,0,0,0,0,0,0,0,0,0,0,0,0,0,0,0,0,0,0,0,0,0,1,1,0,0,0,0,0,0,0,0,0,0,0,0,0,0,0,0,0,0,0,0,0,0,0,0,0,0,0,0,0,0,0,0,0,0,1,0,0,0,0,0,1,0,0,0,0,0,0,0,0,0,0,0,0,0,0,0,0,0,0,0,0,0,0,0,0,0,0,0,0,0,0,2,0,0,0,0,0,0,0,0,0,5,0,0,0,0,0,0,0,0,0,0,1,0,14,0,1,0,0,0,0,0,9,10,0,0,2,2,0,0,1,0,0,0,1,0,11,0,0,0,0,0,0,0,0,0,7,0,0,0,0,0,0,0,0,0,1,0,0,0,0,0,0,0,0,0,0,0,0,0,0,0,0,0,0,0,0,0,0,1,0,4,0,0,0,0,0,2,0,1,0,2,1,0,3,0,0,0,0,0,0,0,0,0,0,0,0,3,0,0,0,0,0,0,0,0,0,0,0,0,0,0,0,0,0,0,0,0,1,0,0,0,1,0,0,0,0,0,0,0,0,0,0,1,2,0,4,0,0,0,0,1,2,0,0,0,0,0,0,1,5,0,0,0,0,2,0,0,1,0,0,9,0,0,0,0,0,2,0,0,0,1,2,0,0,0,0,0,17,0,0,0,0,0,0,0,0,0,0,1,0,0,0,0,0,0,0,0,4,0,0,4,0,0,0,0,0,0,0,1,0,0,0,0,0,0,0,0,0,0,0,0,0,0,1,0,0,0,0,0,0,0,0,1,0,0,0,0,0,0,0,0,0,0,0,0,0,0,0,1,0,0,1,0,0,0,0,0,0,1,0,0,0,0,0,0,0,0,1,0,0,0,0,0,0,0,0,0,0,0,0,0,0,0,0,0,0,0,1,0,0,0,0,0,0,0,0,0,0,0,0,0,0,0,0,0,0,0,0,0,0,0,0,0,0,0,0,0,0,0,1,1,0,0,0,0,0,0,0,0,0,0,0,0,0,0,1,0,0,0,0,0,0,0,0,0,0,0,0,0,0,0,0,0,0,0,0,0,0,0,0,0,0,0,0,0,0,0,0,0,1,0,0,0,0,0,0,0,0,0,0,0,0,0,0,0,0,0,0,0,0,0,0,0,0,0,0,0,0,0,6,0,0,0,0,0,9,0,0,0,0,0,0,0,0,0,1,6,0,3,0,0,0,0,0,0,0,0,0,0,0,1,0,0,0,0,0,0,0,0,0,0,0,0,0,0,1,0,0,1,0,1,0,0,0,0,0,0,0,13,0,0,0,0,0,0,0,0,0,0,0,0,0,0,0,1,0,0,0,0,0,0,6,0,0,0,7,0,0,1,0,0,2,4,0,0,0,1,0,0,0,0,0,0,0,0,0,1,0,0,0,0,0,0,0,0,0,0,0,0,0,0,0,0,0,0,0,0,0,0,0,0,0,0,0,0,0,0,0,0,0,0,0,0,0,0,0,0,0,0,0,0,0,0,0,0,0,0,0,0,2,0,0,0,0,0,0,1,0,0,125,0,0,0,0,0,0,0,0,0,0,0,0,0,0,0,0,1,0,1,0,0,1,0,0,0,0,0,0,0,4,0,0,0,1,1,0,0,0,0,0,0,0,0,0,0,0,0,0,0,0,0,0,0,0,0,0,0,0,3,0,0,0,0,0,5,0,0,0,0,0,0,0,0,0,0,0,0,0,0,0,0,0,0,0,0,0,0,0,1,0,0,0,0,0,0,1,0,0,0,0,0,0,0,0,0,0,0,0,0,0,0,0,0,0,0,0,0,0,0,0,0,0,0,0,1,0,4,0,0,1,0,1,0,0,0,0,1,0,0,0,0,0,0,0,0,0,0,1,0,0,0,1,0,0,0,0,8,0,0,0,0,0,0,0,1,0,0,0,0,0,0,0,6,0,0,0,0,3,1,0,2,0,0,0,0,0,0,0,0,0,0,1,0,0,0,0,5,0,0,0,0,0,0,0,0,0,0,0,0,0,0,0,3,0,0,0,0,0,0,0,0,0,0,0,0,0,0,0,0,0,0,0,1,0,1,0,0,1,0,0,0,1,0,2,0,0,0,0,0,0,0,0,0,0,0,0,0,0,1,0,0,0,0,0,0,0,0,0,2,0,0,0,0,0,0,0,0,0,0,0,0,0,0,0,0,0,0,0,0,0,0,0,6,0,4,0,4,5,0,0,0,0,0,0,0,0,0,0,0,9,0,0,0,0,0,0,0,0,0,0,0,0,0,0,0,0,0,0,0,0,0,0,0,0,0,0,0,0,0,0,0,0,0,0,0,0,0,0,0,2,0,0,0,0,0,1,0,0,0,0,0,0,0,0,0,4,0,0,0,0,0,0,0,0,1,0,0,0,0,0,0,0,0,0,0,5,0,0,0,0,0,0,0,1,0,0,0,0,0,0,0,0,0,0,0,0,0,0,0,0,0,0,0,0,0,0,0,0,0,0,0,0,0,0,0,0,0,0,0,0,0,0,0,0,0,0,0,0,0,0,0,0,0,0,0,0,1,0,0,0,0,0,0,0,0,0,0,0,0,0,0,0,0,0,0,0,0,0,0,0,0,0,0,0,0,0,0,0,0,1,0,0,0,0,0,0,0,0,0,0,0,0
2011,0,0,0,0,0,0,0,0,0,0,0,0,0,0,0,0,0,0,0,0,0,0,0,1,0,0,0,0,0,0,0,0,0,0,0,0,0,0,0,0,0,0,0,0,0,0,0,0,0,0,0,0,1,0,0,0,1,40,0,0,0,0,0,0,0,0,0,0,0,0,0,1,0,0,0,0,0,0,0,0,0,0,1,0,0,0,0,0,0,0,0,0,0,0,0,0,0,0,0,0,0,1,0,0,0,0,0,0,0,0,0,1,0,0,0,0,1,0,0,0,0,0,0,0,0,0,0,0,0,0,3,0,0,0,0,0,0,0,0,0,0,0,0,0,0,0,0,0,0,0,0,0,0,0,0,0,0,0,0,0,0,0,0,0,0,0,0,1,0,0,0,0,4,0,0,0,0,2,0,0,0,0,1,0,0,0,0,0,0,2,14,0,3,0,0,0,0,0,10,2,0,0,0,3,0,0,0,0,0,0,0,0,8,0,0,0,0,0,0,0,0,0,4,0,0,0,0,0,0,0,0,0,0,0,0,0,0,0,1,0,0,0,1,2,0,1,1,0,0,0,0,0,0,0,0,0,0,5,0,0,0,0,0,1,0,0,0,1,0,0,3,0,0,0,0,0,0,0,0,0,0,0,0,1,0,0,0,0,0,0,0,0,1,0,0,0,0,0,0,0,0,1,0,0,0,0,0,0,0,0,0,0,0,0,0,0,0,0,0,0,0,0,4,0,0,0,0,0,1,0,0,0,0,0,0,0,0,0,0,0,0,1,0,0,1,0,0,17,0,0,0,1,1,6,0,0,0,2,2,0,0,1,0,0,17,1,0,0,0,0,0,0,1,0,0,1,0,0,0,0,1,0,0,0,2,0,0,4,0,0,1,0,0,0,0,0,0,0,0,0,0,0,0,0,0,0,0,0,0,0,0,0,0,0,0,0,0,0,0,1,1,0,0,0,0,1,0,0,0,0,0,0,0,0,0,0,0,0,0,0,1,0,0,0,0,0,0,0,0,0,0,0,0,1,0,0,0,0,0,0,0,0,0,0,0,0,0,0,0,0,0,0,0,0,1,0,0,0,0,0,0,0,0,0,0,0,0,0,0,0,0,0,0,0,1,0,0,0,0,0,1,0,0,0,0,0,0,0,0,0,0,0,0,0,0,0,1,0,4,0,0,0,1,0,0,0,1,0,0,0,0,0,0,0,0,0,0,0,0,0,0,0,0,0,0,0,0,0,0,0,0,0,0,0,1,0,0,0,0,0,0,0,0,0,0,0,0,0,0,0,0,0,0,0,0,0,1,0,0,1,1,0,0,0,0,0,5,0,0,0,0,0,10,0,0,0,1,0,1,0,0,0,0,6,0,2,0,0,0,0,0,0,0,0,0,0,0,2,0,0,0,0,0,1,0,0,0,0,0,0,0,0,0,0,0,0,1,1,0,0,0,0,0,0,0,7,0,1,0,0,0,0,1,0,0,0,0,0,0,1,1,0,0,0,0,1,0,0,1,0,2,0,1,0,0,1,0,0,0,7,0,0,0,1,0,0,0,0,1,0,1,1,0,0,0,0,0,0,0,0,0,0,0,0,0,0,0,0,0,0,0,0,0,0,0,0,0,0,0,0,0,0,0,0,0,0,0,0,0,0,0,0,0,0,0,0,0,0,0,0,0,0,0,1,0,0,0,0,0,1,0,2,1,0,0,0,141,0,0,0,1,0,0,0,0,0,0,0,0,0,1,0,0,0,0,0,0,0,0,0,0,0,0,0,0,0,5,0,0,0,0,0,0,0,1,1,0,0,0,0,0,1,0,0,0,0,0,0,0,0,0,0,0,0,0,9,0,0,0,0,0,3,0,0,1,0,0,0,0,0,0,0,0,0,0,0,0,0,0,0,0,0,0,0,1,0,2,0,0,0,0,0,2,0,0,0,0,0,0,0,0,0,0,0,0,0,0,0,1,0,0,0,0,0,0,0,0,0,0,0,0,1,1,3,0,0,0,0,2,0,0,0,0,0,0,0,1,0,0,0,0,0,0,0,2,0,2,0,0,0,0,0,0,6,0,1,0,0,0,0,0,0,0,0,0,0,0,2,0,8,0,0,0,0,3,0,0,3,0,0,0,0,1,0,0,0,0,0,0,0,0,0,0,12,0,0,0,5,0,0,0,0,0,0,0,0,0,0,1,2,0,0,0,0,0,0,0,0,0,0,0,0,0,0,0,0,0,0,0,0,0,2,0,0,0,0,0,0,0,0,0,2,0,0,0,3,0,0,0,0,0,0,0,0,0,0,0,0,0,0,0,0,0,0,0,5,0,0,0,0,0,0,0,0,0,0,0,0,1,0,1,0,0,0,0,0,0,0,0,2,0,8,0,1,3,0,0,0,0,0,1,0,0,0,0,0,13,0,0,0,0,0,1,0,0,0,0,0,0,0,0,0,0,0,0,0,0,0,0,0,0,0,0,0,0,0,0,0,0,0,0,0,0,0,0,0,1,0,0,0,0,0,0,0,0,0,0,0,0,0,0,0,1,0,0,0,0,1,0,0,0,1,0,0,0,0,0,0,0,0,0,1,9,0,0,0,0,1,0,0,0,0,0,0,1,0,0,0,0,0,0,0,0,0,0,0,0,0,0,0,0,0,0,0,0,0,1,0,0,0,0,0,0,0,0,0,0,0,0,0,0,0,0,0,0,0,0,0,0,0,0,0,0,0,0,0,0,0,0,0,0,0,1,0,0,0,0,0,0,0,0,0,0,1,0,0,0,0,0,0,0,0,0,0,0,1,0,0,0,0,0,0,0,0,1,0,0,0,0
2012,0,1,0,0,0,0,0,0,0,0,0,0,0,0,0,1,0,0,0,0,0,2,0,3,0,0,0,0,0,0,0,0,0,0,0,0,0,0,0,0,0,0,0,0,0,0,0,0,0,0,0,0,0,1,0,1,0,31,0,0,0,0,0,0,0,0,0,0,1,0,0,0,0,0,0,0,0,0,0,0,0,0,0,0,0,0,0,0,0,0,0,1,0,0,0,0,0,0,0,0,0,0,0,0,0,0,0,0,0,0,0,0,0,0,0,0,0,1,0,0,0,0,0,0,0,0,0,0,0,0,4,0,0,0,0,0,0,0,0,0,0,0,0,0,0,0,0,0,0,0,0,0,0,0,0,0,0,0,0,0,0,0,0,0,0,0,0,2,0,0,0,0,0,0,0,0,0,6,0,0,0,1,0,0,0,0,1,0,0,2,7,0,7,0,0,0,0,0,9,11,0,0,3,6,0,0,1,0,0,1,0,0,12,0,0,0,0,0,1,0,0,0,14,0,0,0,0,0,0,0,0,0,0,0,0,0,0,0,0,0,0,0,0,0,0,0,0,0,0,0,1,0,0,0,0,0,0,7,0,0,0,0,0,2,0,0,0,1,0,0,2,0,0,0,1,0,0,0,0,0,0,0,0,1,0,0,0,0,0,0,0,0,1,0,0,0,0,0,0,0,0,0,0,0,0,0,0,0,0,0,0,0,0,0,0,0,0,0,0,0,0,0,11,0,0,0,0,0,1,0,0,0,0,0,0,1,3,0,0,0,1,0,1,0,1,0,0,20,0,0,0,0,0,1,0,0,0,3,1,0,0,0,0,0,16,1,0,0,0,0,0,0,1,0,0,0,0,0,0,0,0,0,0,0,1,0,0,13,0,0,0,0,0,0,0,0,0,0,0,0,0,0,0,0,0,0,0,0,0,0,0,0,0,0,0,0,0,0,1,5,0,0,0,0,0,0,0,0,0,0,0,0,0,0,0,0,0,0,2,0,0,0,0,0,0,1,0,0,0,0,0,0,0,0,0,0,0,0,0,0,0,0,0,0,0,1,0,0,0,0,0,0,0,0,1,0,0,2,0,0,0,0,0,0,0,0,0,0,0,0,0,0,0,0,0,0,0,0,0,0,2,0,0,0,0,0,0,2,0,0,0,0,0,0,0,0,0,0,3,0,0,0,2,0,0,0,0,0,0,0,0,0,0,0,0,0,0,0,0,0,0,0,0,0,0,0,0,0,0,0,0,0,0,0,0,0,1,0,0,0,0,0,0,0,0,0,0,0,0,0,0,0,0,0,0,0,0,0,0,1,1,0,0,0,0,0,2,2,0,0,0,0,5,0,0,0,0,0,0,0,0,0,0,6,0,1,0,0,0,0,0,0,0,0,0,0,0,5,0,0,0,1,0,0,0,1,1,0,0,0,0,0,1,0,0,0,0,0,0,0,0,0,0,0,0,11,0,5,0,0,0,0,0,0,0,0,0,0,0,1,0,0,0,0,1,0,0,0,5,0,0,0,7,0,0,0,0,0,2,6,0,0,1,0,0,0,0,0,0,0,0,0,0,0,0,0,0,0,0,0,0,0,0,0,0,0,0,0,0,1,0,0,0,0,0,0,0,2,0,0,0,0,0,0,0,0,0,0,0,1,0,0,0,0,0,0,0,0,0,0,0,0,0,0,0,0,0,0,0,0,0,0,2,0,0,0,205,0,0,0,0,0,0,0,0,0,0,0,0,0,1,0,0,2,2,1,0,0,0,0,0,0,0,0,0,0,9,0,0,0,0,0,0,0,0,0,0,0,0,0,0,0,1,0,0,0,0,0,0,0,0,0,0,0,0,5,0,0,0,0,0,7,0,0,0,0,0,0,0,0,1,0,0,0,0,0,0,1,0,0,0,0,0,0,0,0,0,1,0,0,0,0,0,0,0,0,0,0,0,0,0,0,0,0,0,0,0,0,0,0,0,0,0,0,0,0,0,0,0,0,0,0,1,9,0,0,0,0,1,0,0,0,0,0,0,0,0,1,0,0,0,0,0,0,2,0,0,0,0,0,0,0,0,6,0,0,0,0,0,0,0,0,0,0,0,0,0,2,0,13,0,0,0,0,5,0,0,2,0,0,0,0,2,0,1,0,0,0,0,0,0,0,1,12,0,0,0,2,0,0,0,0,0,0,0,0,0,0,0,4,0,0,0,0,0,0,0,1,0,1,0,0,0,0,0,0,0,0,0,0,0,3,0,0,0,0,0,0,0,0,1,0,0,0,0,2,0,0,0,0,1,0,0,0,0,0,0,0,0,0,0,0,0,0,0,2,0,0,0,0,0,0,0,1,0,0,0,0,0,0,0,0,0,2,0,0,0,1,0,3,0,10,0,1,5,0,0,0,0,0,0,1,0,1,0,0,7,0,0,0,0,0,0,0,0,0,0,0,0,0,0,0,0,0,0,0,0,0,0,0,0,0,0,0,0,0,0,0,0,0,0,0,0,0,0,0,2,0,0,2,0,0,0,1,0,0,0,0,0,0,0,0,3,0,0,0,0,2,0,0,2,1,0,0,0,0,0,0,0,0,0,2,7,0,0,0,0,0,0,0,0,0,0,0,1,0,0,0,0,0,0,0,0,0,0,0,0,0,0,0,0,0,0,0,0,0,1,0,0,0,0,0,0,0,0,0,0,0,0,0,0,0,0,0,0,0,0,0,0,0,0,0,0,0,0,0,0,0,0,0,0,0,0,0,0,0,0,0,0,0,0,0,0,0,0,0,0,0,0,0,0,0,0,0,0,0,0,0,0,0,0,0,1,0,1,0,0,0,0
2013,0,0,0,0,0,0,0,0,0,0,0,0,0,0,0,0,0,0,0,0,0,4,0,1,0,0,0,0,0,0,0,0,0,0,0,0,0,0,0,0,0,0,0,0,0,0,0,0,0,0,0,0,0,0,0,3,0,55,0,0,0,0,0,0,0,0,0,0,0,0,0,0,0,0,0,0,0,0,0,0,0,0,0,0,0,0,0,0,0,0,0,0,0,0,0,0,0,0,0,0,0,0,0,0,0,0,0,0,0,0,0,0,0,0,1,0,0,0,0,0,0,0,1,0,0,0,1,0,0,0,0,0,0,0,0,0,0,0,0,0,0,0,0,0,0,0,0,0,0,0,0,0,0,0,0,0,0,0,0,0,0,0,0,0,0,0,0,3,0,1,0,0,1,0,0,0,0,3,0,0,0,0,1,0,0,0,0,0,0,2,14,0,2,0,0,0,0,0,13,20,0,0,3,3,0,0,1,0,0,0,0,0,3,0,1,0,0,0,0,0,0,0,9,0,0,0,0,0,0,0,0,0,0,0,0,0,0,0,1,1,1,0,0,0,0,0,0,0,1,0,0,0,0,0,0,0,0,4,0,0,0,0,0,2,0,0,0,1,0,0,0,0,0,0,1,0,0,0,3,0,0,0,0,0,0,0,0,0,0,0,0,0,0,0,0,0,0,0,0,0,0,0,0,0,0,0,0,0,4,0,0,0,0,0,0,0,0,1,0,0,0,0,19,0,0,0,0,0,0,0,0,0,0,0,0,0,0,0,0,0,0,0,0,0,0,0,0,14,0,0,0,0,0,5,0,0,0,3,2,0,0,0,0,0,26,2,0,0,0,0,0,0,1,0,0,0,0,0,0,0,1,0,0,0,3,0,0,19,0,0,0,0,0,0,0,0,0,0,0,0,0,0,0,0,0,0,0,0,0,0,0,0,0,0,0,0,0,0,0,4,0,0,0,1,0,0,0,0,0,0,0,0,0,0,0,2,0,0,0,0,0,0,0,0,0,0,0,0,0,0,0,0,0,0,0,0,0,0,0,0,0,1,0,0,0,0,0,0,0,0,0,0,0,0,0,0,0,1,0,0,0,0,0,0,0,0,0,0,0,0,0,0,0,0,0,0,0,1,0,0,0,0,0,0,0,0,0,1,0,0,0,0,0,0,0,0,1,0,0,0,0,0,1,0,0,0,0,0,0,0,0,0,0,0,0,0,0,0,0,1,0,0,0,0,0,0,0,0,0,0,0,0,0,0,0,0,0,0,0,0,0,0,0,0,0,0,0,0,0,0,0,0,0,0,0,0,1,0,0,0,3,0,0,0,0,0,3,0,0,0,0,0,9,0,0,0,0,0,0,0,0,0,0,5,0,0,0,2,0,0,0,0,0,0,0,0,0,3,0,0,0,0,0,0,0,0,1,0,0,0,0,0,0,0,0,0,0,0,0,0,0,0,0,0,0,4,0,3,0,0,0,0,0,0,0,0,0,0,1,1,0,0,0,0,0,0,0,0,3,0,1,0,4,0,0,0,0,1,4,3,0,0,0,0,0,0,0,0,1,0,0,1,2,0,0,0,0,0,0,0,0,0,0,0,0,0,0,0,0,0,0,0,0,0,0,0,0,0,0,0,0,0,0,0,0,0,0,0,0,0,0,0,0,0,0,0,0,0,0,0,0,0,0,0,0,0,1,0,0,0,0,2,1,0,0,0,193,0,0,0,0,0,0,0,0,0,0,0,0,0,0,0,0,1,0,4,0,0,0,0,0,0,0,0,1,0,5,0,0,0,1,0,0,0,0,0,0,0,0,0,0,0,0,0,0,0,0,0,0,0,0,0,0,0,0,7,0,0,0,0,0,1,0,0,0,0,0,0,0,0,0,0,0,0,0,0,0,1,0,0,1,0,0,0,0,0,2,0,0,0,0,0,3,0,0,0,0,0,0,0,0,0,0,0,0,0,0,0,0,0,0,0,0,0,1,0,0,0,0,0,0,1,0,6,0,0,0,0,0,0,0,0,0,0,1,0,0,0,0,0,0,0,0,0,2,0,0,0,1,0,0,0,0,8,0,1,0,0,0,0,0,0,0,0,0,0,1,0,0,11,0,0,0,0,4,0,0,5,1,1,0,0,1,0,0,0,2,0,1,0,0,0,0,6,0,0,0,10,0,0,0,0,0,0,0,0,0,0,0,7,0,0,0,0,0,0,0,0,0,0,0,1,0,0,1,0,0,0,0,1,0,2,0,0,0,0,0,0,0,0,1,0,0,0,0,1,0,0,0,0,0,0,0,0,0,0,0,0,0,0,0,0,0,0,0,3,0,0,0,0,0,0,0,0,0,0,0,0,0,0,1,0,0,1,0,0,0,0,0,2,0,6,0,1,6,0,0,0,0,0,0,0,0,0,0,0,12,0,0,0,0,1,0,0,0,0,0,0,0,0,0,0,0,0,0,0,0,0,0,0,0,0,0,0,0,0,0,0,0,0,0,0,0,0,0,0,0,0,0,0,0,0,0,1,0,0,0,0,0,0,0,0,5,0,0,0,0,0,0,0,1,2,0,0,0,0,0,0,0,0,0,3,24,0,0,0,0,0,0,0,0,2,0,0,1,0,0,0,0,0,0,0,0,0,0,0,0,0,0,0,0,0,0,0,0,0,2,0,0,0,0,0,0,0,0,0,0,0,0,0,0,0,0,0,0,0,0,0,0,0,0,0,0,0,0,0,0,0,0,0,0,0,0,0,0,1,0,0,0,0,0,0,0,0,0,0,0,0,0,0,0,0,0,0,0,1,0,0,0,0,0,0,0,0,2,0,0,0,0
2014,0,0,1,0,0,0,0,0,0,0,0,0,0,0,0,4,0,0,0,0,0,3,0,5,1,0,0,0,0,0,0,1,0,0,1,0,0,0,0,0,0,1,0,0,0,1,0,0,0,0,0,0,0,1,0,1,0,112,0,0,0,0,0,0,1,0,0,0,0,0,0,0,0,0,0,0,0,0,0,0,0,0,0,0,0,0,0,0,0,0,0,0,0,0,1,0,0,0,0,0,0,0,0,0,0,0,1,0,0,0,0,0,0,1,2,0,0,0,0,0,1,0,0,0,0,0,0,0,0,0,1,0,0,0,0,2,0,0,0,0,0,0,0,0,0,0,0,0,0,0,0,0,0,0,0,0,0,0,0,0,0,0,1,0,1,0,1,5,0,0,0,0,2,0,0,0,0,6,0,1,0,0,4,0,0,0,0,0,0,4,17,3,10,0,0,0,0,0,26,18,0,0,11,10,0,0,2,0,0,0,0,0,16,1,0,0,0,0,0,1,1,0,19,0,0,0,0,0,0,0,0,0,0,0,0,0,0,0,1,3,1,0,0,0,0,0,0,0,1,0,0,0,0,0,0,2,0,2,0,0,1,0,0,2,0,0,0,1,1,0,4,0,1,0,3,0,0,0,0,0,0,0,0,2,0,0,0,0,0,0,0,0,0,0,0,1,0,0,0,0,0,0,0,0,2,0,0,0,2,0,0,0,1,0,1,0,0,0,0,0,0,0,20,0,0,0,0,0,1,0,0,0,0,0,0,0,6,0,0,0,0,1,0,0,0,0,0,34,0,0,0,0,0,16,0,0,0,11,4,0,0,1,0,0,47,1,0,0,0,1,0,1,0,0,0,0,0,0,0,0,1,0,0,0,6,0,0,26,0,0,0,0,0,0,0,0,0,0,0,0,0,0,0,0,0,0,0,0,1,0,0,0,0,0,0,0,0,0,0,4,0,0,0,0,0,0,0,0,0,0,0,0,0,0,0,3,0,0,2,1,0,0,1,0,0,5,0,0,0,0,0,0,0,0,0,0,0,0,0,0,0,0,0,0,0,1,0,0,0,0,0,0,0,0,1,0,0,1,0,0,0,0,0,0,1,0,0,0,0,0,0,0,0,0,0,0,0,0,1,0,2,1,1,0,0,0,0,3,0,0,0,0,0,0,0,0,0,0,0,0,0,0,1,0,0,2,0,0,0,0,1,0,0,0,1,0,0,0,0,1,0,0,0,0,0,0,0,0,0,0,0,1,0,0,0,0,1,1,0,0,0,0,0,0,0,0,0,0,0,0,1,0,0,0,0,0,0,2,0,0,3,0,0,0,0,0,15,1,0,0,0,0,28,0,0,0,0,0,0,0,0,0,0,9,0,4,0,0,0,0,1,1,0,0,0,0,0,2,0,0,0,1,0,1,0,0,0,0,0,0,0,1,0,0,0,0,0,4,0,0,0,0,0,0,0,17,0,5,0,0,1,0,0,0,0,0,0,0,0,2,1,0,0,0,3,0,0,0,7,0,2,0,19,0,0,0,0,0,1,15,0,0,0,0,0,0,0,0,1,0,0,2,0,0,0,0,0,0,0,0,0,0,0,0,0,1,1,0,0,0,0,0,0,0,0,0,0,1,0,0,0,0,0,0,0,0,0,0,0,0,0,0,0,0,0,0,0,2,0,0,2,1,0,0,0,0,0,0,0,0,0,5,0,0,0,1,436,0,0,0,0,0,0,0,1,0,0,0,1,0,0,0,0,0,1,5,0,0,2,0,0,0,0,0,0,0,16,0,0,0,1,3,0,0,0,3,0,0,0,0,0,3,0,1,0,0,0,0,0,0,0,0,0,0,0,11,0,0,0,0,0,7,0,1,0,0,0,0,0,0,0,0,0,0,0,0,1,1,0,0,1,0,1,0,0,0,3,2,0,0,0,0,2,0,0,0,0,0,0,0,0,0,0,0,0,0,0,0,0,0,0,0,0,0,0,0,0,0,0,0,0,3,0,13,1,0,0,0,6,0,0,0,0,0,2,0,0,0,0,0,0,0,0,0,7,0,0,1,0,0,0,0,0,18,0,1,0,0,0,0,0,4,0,1,0,0,0,3,0,25,0,0,0,0,9,0,0,7,0,0,0,0,2,0,0,0,2,0,0,0,0,0,1,20,0,0,0,3,0,0,1,0,0,0,0,0,0,0,0,10,0,0,0,0,2,0,0,0,0,0,0,1,0,0,2,0,0,0,1,0,2,5,0,1,2,0,0,0,0,0,0,0,0,0,0,1,0,0,0,0,0,0,0,0,0,1,0,0,0,0,0,0,0,0,0,7,0,0,0,0,0,0,0,0,0,0,0,0,0,0,1,0,0,1,0,0,0,0,0,9,0,22,0,9,10,0,0,0,0,0,0,0,0,0,0,0,18,0,0,0,0,0,0,0,0,1,0,0,0,0,0,0,0,0,0,0,0,0,0,0,0,0,0,0,1,0,0,0,0,0,0,0,0,0,0,0,5,0,0,2,0,0,0,0,0,0,0,0,0,0,0,0,4,0,0,0,0,3,0,0,0,1,0,0,0,0,0,0,0,0,0,3,18,1,0,1,0,1,1,0,0,0,0,0,2,0,0,0,0,0,0,0,0,0,0,0,0,0,0,0,0,0,0,0,0,0,3,0,0,0,1,0,0,0,1,0,0,0,0,0,0,0,0,0,0,0,1,0,0,0,0,0,0,0,0,0,0,0,1,0,0,0,0,1,0,2,0,0,0,0,0,0,0,0,1,0,0,0,0,0,0,0,0,0,0,0,0,0,0,0,0,0,0,0,7,0,0,1,0
2015,0,1,1,0,0,0,0,0,0,0,0,0,0,0,0,2,0,0,0,0,0,5,1,5,1,0,0,0,0,0,0,0,0,0,0,0,0,0,0,0,0,1,0,0,0,0,0,0,0,0,0,0,0,0,0,3,0,174,0,0,0,0,0,0,1,0,0,0,0,0,0,0,1,0,0,0,0,1,0,0,0,0,0,0,0,0,0,0,0,0,0,1,1,0,0,0,0,0,1,0,0,0,0,0,2,0,4,0,0,0,0,0,0,0,1,0,0,0,0,0,0,0,0,0,0,0,0,0,0,0,1,0,0,0,1,0,0,0,1,0,0,0,0,0,0,0,0,0,0,0,0,0,1,3,1,0,0,0,0,0,0,0,0,0,0,0,1,5,0,0,0,0,11,0,0,0,0,16,0,0,1,0,1,0,1,0,0,0,0,8,21,3,10,0,0,0,0,0,47,29,0,0,10,5,0,0,4,0,0,0,0,0,35,0,0,0,0,0,0,1,0,0,38,0,0,0,0,0,0,0,0,0,0,0,0,0,0,0,1,0,0,0,0,0,0,0,0,0,0,0,0,0,0,0,0,0,0,11,0,3,0,0,0,7,0,1,0,3,1,0,6,0,1,0,4,0,0,1,6,0,0,0,0,2,0,0,0,0,0,0,0,0,0,0,0,0,0,0,3,0,0,0,0,0,1,0,0,0,10,0,0,0,0,0,1,0,0,1,0,0,0,0,27,0,0,1,0,0,0,0,0,0,0,0,0,5,7,0,0,0,0,1,0,0,0,0,0,61,0,0,0,1,0,15,0,0,0,9,3,0,0,0,0,0,63,2,0,2,1,1,0,0,0,0,0,0,0,0,1,0,1,0,0,0,5,0,0,39,0,0,0,0,0,0,0,0,0,0,0,0,0,0,0,0,0,0,0,0,0,0,0,0,0,0,0,0,0,0,0,9,2,0,0,0,0,0,0,0,0,0,0,0,1,0,0,0,0,0,3,0,0,1,0,0,0,0,0,0,0,0,0,0,0,1,0,0,0,0,0,0,0,0,0,0,0,0,0,0,0,0,0,1,0,0,1,0,0,2,0,0,0,0,0,0,0,0,0,0,0,0,0,0,0,0,0,0,1,0,0,0,2,1,2,0,0,0,0,2,0,0,0,0,0,0,0,0,0,0,2,0,0,0,3,0,0,0,0,0,1,0,1,1,0,0,1,0,0,0,1,0,0,0,0,0,0,0,0,0,0,0,0,0,0,0,0,0,3,3,0,0,0,0,0,0,0,0,1,0,0,0,0,0,0,0,0,0,0,0,0,0,8,0,0,0,0,0,17,1,0,0,0,1,29,0,0,0,0,2,0,0,0,2,0,23,0,6,0,1,1,0,0,0,0,0,0,0,0,13,0,0,0,1,0,0,0,0,0,0,0,0,0,0,2,0,0,0,0,3,2,0,0,0,0,1,0,36,0,8,0,4,0,0,0,0,0,0,0,0,0,1,0,0,1,1,1,0,0,0,19,0,5,0,14,0,0,0,0,0,2,15,0,0,0,1,0,0,0,0,2,0,1,0,1,0,0,0,0,0,0,0,0,0,0,0,0,2,0,0,0,0,0,0,0,0,0,0,0,1,1,0,0,0,0,1,0,0,0,0,0,0,0,0,0,0,0,0,0,1,0,0,1,0,0,0,0,0,1,1,0,0,0,7,0,1,1,0,627,0,0,0,0,0,0,0,0,0,0,0,0,0,0,0,0,0,1,15,0,0,0,0,0,1,0,0,0,0,18,0,0,0,3,3,0,0,1,2,0,0,0,0,0,0,0,0,0,0,0,0,0,0,0,0,0,0,0,23,0,1,1,0,1,11,0,0,0,0,0,0,0,1,0,0,0,0,0,0,0,0,0,0,0,1,0,0,0,1,3,1,0,0,0,0,0,1,0,0,0,0,0,0,0,0,0,0,0,0,0,0,0,0,0,0,0,0,0,0,1,0,0,0,0,4,0,10,0,0,0,0,4,0,0,0,0,0,1,0,0,0,0,0,0,1,1,0,10,0,0,0,0,0,0,0,0,23,0,4,0,1,0,0,0,4,0,0,0,0,0,4,1,32,0,0,0,0,25,0,0,3,0,0,0,0,1,0,2,0,5,0,1,0,0,0,0,34,1,0,0,10,1,0,0,0,0,0,1,0,0,0,0,18,0,0,0,0,0,0,1,0,0,0,0,1,0,1,0,0,0,0,0,1,1,7,0,0,1,0,0,0,0,1,1,0,0,0,0,1,1,0,0,0,0,0,0,0,0,0,0,0,0,0,1,0,0,0,0,7,0,0,0,0,1,0,0,2,0,0,0,0,0,0,1,0,0,1,0,0,0,0,0,12,0,35,0,9,13,0,0,0,0,0,0,0,0,0,0,0,31,0,0,0,0,0,0,0,0,1,0,0,0,0,0,0,0,0,0,0,1,0,0,0,0,0,0,0,0,0,0,0,0,1,0,0,0,0,0,0,6,0,0,0,0,0,0,3,0,0,0,0,0,0,0,0,10,0,0,0,0,0,0,0,3,1,0,0,0,0,0,0,0,1,0,10,31,0,0,0,0,0,0,0,0,1,0,0,2,0,0,0,0,0,1,0,0,0,0,0,1,0,0,0,0,0,0,0,0,0,5,0,1,0,0,1,0,0,0,0,1,0,0,0,0,0,0,0,0,1,1,0,0,0,0,0,0,0,0,0,0,0,1,1,0,0,0,1,0,0,0,0,0,1,0,0,0,0,0,0,0,0,0,0,0,0,1,0,0,0,0,0,0,0,0,0,1,0,4,1,0,0,0
2016,1,2,0,0,0,0,0,0,0,1,0,0,0,0,0,2,0,0,0,0,0,6,0,7,0,0,0,0,0,0,0,1,0,0,0,0,0,0,0,0,0,0,0,0,0,0,0,0,0,0,0,0,0,1,0,5,0,193,0,0,0,0,0,0,0,1,0,0,0,0,0,0,0,0,0,0,0,0,0,0,0,0,0,0,0,0,0,0,0,0,0,1,1,0,0,0,0,0,0,0,0,0,0,0,0,0,6,0,0,0,0,0,0,0,2,0,0,0,0,0,0,0,0,0,1,0,0,1,0,0,4,0,0,0,0,0,0,0,0,0,0,0,0,0,0,0,0,0,0,0,0,0,2,1,0,0,0,0,0,0,1,1,0,0,1,1,0,11,0,1,0,0,10,0,0,0,0,19,0,0,1,0,0,0,0,0,0,0,0,3,29,5,10,0,0,0,0,0,64,33,0,0,19,9,0,0,1,0,0,0,0,0,38,0,0,0,0,0,0,0,0,1,57,0,0,0,0,0,0,0,0,0,0,0,0,0,0,0,0,1,0,0,0,0,0,0,0,0,0,0,0,0,0,1,0,2,0,19,1,1,0,0,0,1,0,0,0,5,2,0,6,0,0,0,10,0,0,1,4,0,1,0,0,9,0,0,0,1,0,0,0,0,2,0,0,0,0,0,0,0,0,0,0,0,0,1,0,0,13,0,0,0,0,0,0,0,0,0,0,0,0,0,45,0,0,0,0,0,1,0,0,0,0,0,0,1,8,0,0,0,0,0,0,0,1,0,0,69,0,0,0,2,1,11,0,1,0,4,3,0,0,0,0,0,48,3,0,0,1,1,0,0,0,0,0,0,0,0,0,0,3,0,1,1,11,0,0,34,0,0,0,0,0,0,0,0,0,0,0,0,0,0,1,0,0,0,0,0,0,0,0,1,0,2,0,3,0,0,0,11,1,0,0,0,0,0,0,0,0,0,0,0,0,1,0,2,0,0,2,0,0,0,1,0,1,2,0,0,0,0,0,0,0,0,0,0,0,0,0,0,1,0,0,0,0,0,0,0,0,0,0,0,0,0,2,0,0,0,0,0,0,0,0,0,0,0,0,0,0,0,0,0,1,0,1,0,0,0,0,0,2,1,1,0,0,0,0,6,0,0,0,0,0,0,1,1,1,0,2,0,0,0,0,0,0,6,1,0,0,0,2,1,0,0,1,0,0,0,1,0,0,1,0,0,0,0,0,0,0,0,0,0,0,0,0,0,3,1,0,0,0,0,0,0,0,0,0,0,1,0,0,0,0,0,0,0,0,3,1,3,6,0,0,0,0,1,16,1,0,1,0,1,50,0,0,0,0,1,0,0,0,1,0,25,0,2,0,0,0,0,0,1,0,0,3,0,1,9,0,0,0,2,0,0,1,0,0,0,1,1,0,0,1,0,0,1,0,6,0,0,0,1,0,3,0,50,0,11,0,1,2,0,0,0,1,0,0,0,0,4,0,0,0,0,0,1,0,0,12,0,5,0,17,0,0,0,0,0,15,31,0,0,0,1,0,0,0,0,4,1,1,1,1,0,0,2,0,0,0,0,0,0,0,0,0,0,0,0,0,2,0,0,0,0,0,0,0,2,0,0,1,0,0,0,1,0,0,0,0,4,0,0,0,0,0,0,0,0,0,0,1,0,0,1,0,0,4,0,0,0,0,2,0,0,0,0,914,0,0,0,0,0,0,0,0,1,0,0,0,0,0,0,0,1,0,11,0,0,2,0,0,1,0,0,0,0,30,0,0,0,0,6,0,0,2,2,0,1,0,0,0,2,0,2,0,0,0,1,0,0,0,0,0,0,1,30,0,0,1,0,0,22,0,1,0,0,1,1,0,0,0,0,0,0,0,0,0,0,0,1,2,0,0,0,0,0,1,0,0,0,0,2,1,0,0,0,0,0,0,0,0,0,0,0,0,1,0,0,0,0,0,0,0,0,1,0,0,0,0,0,0,2,0,14,0,0,0,0,3,0,0,0,1,0,1,0,0,0,0,0,0,0,0,1,9,0,0,1,3,0,0,0,0,33,0,1,0,0,0,0,0,2,1,1,0,0,0,6,0,36,0,0,1,0,21,0,0,6,0,0,0,0,1,0,0,0,5,0,2,0,0,0,1,40,0,0,0,9,1,0,0,0,0,0,0,0,0,0,0,31,2,0,0,0,1,0,1,0,0,0,0,4,0,0,0,0,0,0,0,1,0,9,1,0,1,0,0,0,0,0,1,0,0,0,0,0,2,0,0,0,2,0,0,0,0,1,0,0,0,0,0,0,0,0,0,9,0,0,0,0,0,0,0,0,1,0,2,0,0,0,2,0,1,0,0,0,1,0,0,25,0,58,0,9,17,1,0,0,0,0,0,0,0,0,0,0,49,0,0,0,0,0,0,0,0,0,0,0,0,0,0,0,0,0,0,0,0,0,0,0,0,0,0,0,0,0,0,0,0,0,0,1,0,0,0,0,8,0,1,4,0,0,0,2,0,0,0,0,0,0,0,0,18,0,0,0,0,3,0,0,3,2,0,0,0,0,0,0,0,0,1,13,31,0,0,0,1,1,2,0,2,1,0,0,5,0,0,0,0,0,0,0,0,0,1,1,0,0,0,0,0,0,0,0,0,0,3,0,0,1,0,0,0,0,3,0,0,0,0,0,0,0,0,0,0,0,1,0,0,1,0,0,0,0,0,0,0,0,0,0,0,0,0,1,0,0,0,0,1,0,0,0,0,0,0,0,0,0,0,0,1,0,0,0,0,0,0,0,0,0,0,2,0,0,7,0,0,0,0
2017,0,0,1,0,0,0,0,0,0,0,0,0,0,0,0,0,0,0,0,0,0,5,0,11,1,0,0,0,0,0,0,2,0,0,0,0,1,0,0,0,1,0,0,0,0,0,1,0,0,0,0,0,0,0,0,0,0,187,0,0,0,1,0,0,0,1,0,0,0,0,0,0,0,0,0,0,1,0,0,0,0,0,0,0,0,0,0,0,0,0,0,1,0,1,2,1,0,0,0,0,0,0,0,0,0,0,4,0,0,0,0,0,0,0,2,1,1,0,0,0,0,1,0,0,0,0,0,0,0,0,4,0,0,1,0,0,0,0,2,0,0,0,0,0,0,0,0,0,0,0,1,0,0,0,0,0,1,0,0,0,0,0,0,0,2,0,1,12,0,1,1,0,5,2,0,0,0,15,0,2,0,0,2,0,0,0,0,0,0,9,47,1,20,0,0,0,0,0,61,18,0,0,20,2,0,0,2,0,0,0,0,0,23,0,0,0,0,0,0,0,0,2,74,0,0,0,0,0,0,0,1,0,0,2,0,0,0,0,0,0,1,0,0,0,0,0,0,0,1,0,1,0,0,1,0,2,0,0,0,0,0,0,0,0,0,0,0,1,0,0,0,0,0,0,26,0,0,3,4,0,1,0,0,11,0,0,1,2,0,0,0,0,2,0,0,0,0,0,0,0,0,0,0,0,1,0,0,0,12,0,0,0,0,0,0,0,0,0,0,0,0,1,19,0,0,0,0,0,2,0,0,1,0,0,0,0,9,0,0,0,1,2,0,0,4,0,0,68,0,0,0,1,2,16,0,0,0,5,4,0,0,0,0,0,45,1,0,0,0,0,0,0,0,0,1,0,0,0,0,0,1,0,0,1,3,0,0,35,0,0,0,0,0,0,0,0,0,0,0,0,0,0,0,0,0,0,0,0,0,0,0,1,0,0,0,3,0,0,0,15,1,0,0,0,0,0,0,0,0,0,0,0,0,0,0,1,0,0,1,0,0,0,0,0,2,1,0,0,0,0,0,0,0,0,0,0,0,0,0,1,0,0,0,0,0,0,0,0,0,0,0,0,0,1,0,0,0,2,0,0,1,0,0,0,0,0,0,0,0,0,0,0,1,0,0,0,0,1,0,0,1,0,3,0,0,0,0,5,0,0,0,0,0,0,0,0,1,0,2,0,0,0,1,0,0,0,0,0,0,1,1,0,0,0,1,0,0,0,0,2,0,0,0,0,0,0,0,0,0,0,0,0,0,0,0,1,3,0,0,0,0,0,0,0,0,0,0,0,0,0,0,0,0,0,0,0,1,0,0,1,6,0,0,0,0,0,19,2,0,0,0,0,43,0,0,0,1,3,0,0,0,1,0,30,0,6,1,0,0,0,0,0,0,0,0,0,0,15,0,0,0,0,0,0,0,0,7,0,0,0,0,0,0,0,0,0,0,7,1,0,0,1,0,0,0,36,0,6,1,0,0,0,0,0,0,0,0,0,0,8,1,0,0,2,2,2,1,0,13,0,2,0,22,0,0,2,0,0,10,17,0,1,0,2,0,1,0,0,2,0,2,3,1,0,0,1,2,0,0,0,0,0,0,0,0,0,0,0,0,0,0,0,0,0,0,0,0,0,1,0,0,0,0,0,0,0,0,0,1,0,0,0,0,0,0,0,0,1,0,0,4,0,1,0,0,0,4,0,0,0,0,4,1,0,0,0,890,0,0,0,0,0,0,0,0,0,0,0,0,0,0,0,2,4,1,18,0,0,1,0,0,0,0,0,0,0,20,0,0,0,0,4,1,0,1,2,0,0,1,0,1,1,0,1,0,0,0,0,0,0,0,0,0,0,0,25,0,0,0,0,0,23,0,0,0,0,0,0,0,0,0,0,0,0,0,0,0,0,0,0,0,1,2,0,0,0,2,1,0,0,0,0,0,0,0,0,0,0,1,0,0,0,0,0,0,0,0,0,0,0,0,0,0,0,0,0,0,0,0,0,0,1,1,19,0,0,0,1,4,0,0,0,0,0,0,0,0,0,0,0,0,0,0,0,9,0,0,0,1,0,0,0,0,20,0,5,0,0,0,0,0,7,0,0,0,0,0,3,1,24,0,1,0,0,23,0,0,4,0,0,0,0,1,0,1,0,2,0,1,0,0,0,0,29,0,0,0,7,0,0,0,0,0,0,0,0,0,0,0,19,1,0,0,1,1,0,0,0,0,0,0,1,0,0,3,0,0,0,0,0,0,6,0,0,0,0,0,0,0,0,0,0,0,0,0,1,0,0,0,0,0,0,0,0,0,0,0,0,0,0,0,0,0,0,0,9,0,0,0,1,1,0,0,0,0,0,0,0,0,0,0,0,0,1,0,0,0,0,0,14,0,44,0,4,10,0,0,0,0,0,0,0,0,0,0,1,38,0,0,1,0,0,0,0,0,1,0,0,0,0,0,0,0,0,0,0,0,0,0,0,0,0,0,0,0,0,0,0,0,0,0,0,0,0,0,0,4,0,2,1,0,0,0,3,0,0,0,0,0,0,0,0,13,0,0,0,0,1,1,0,2,0,0,0,0,0,0,0,0,1,0,4,26,0,0,0,0,3,0,0,0,0,0,0,3,0,0,0,1,0,0,0,0,0,0,0,0,0,0,0,0,0,0,0,1,0,3,0,0,1,1,0,0,0,0,0,0,0,0,0,0,0,0,1,0,2,2,1,0,1,0,0,0,0,0,0,0,0,1,0,0,1,0,2,0,0,0,0,0,0,0,0,2,1,0,0,0,0,0,0,0,0,0,0,0,0,0,0,0,0,0,0,0,0,11,0,0,0,0
2018,2,0,1,0,0,0,0,0,0,0,0,0,0,0,0,0,0,0,0,0,1,7,0,6,0,0,0,0,0,1,0,1,0,0,0,0,0,0,0,0,1,0,0,0,0,0,0,0,0,0,0,0,2,0,0,1,0,223,0,0,0,0,0,1,0,1,0,0,0,0,0,0,0,0,0,0,0,0,0,0,0,0,0,0,0,0,0,0,1,0,0,1,0,0,1,0,0,0,0,0,0,0,2,0,0,0,4,1,0,1,0,0,0,0,4,0,1,0,0,0,2,0,0,0,0,0,0,1,0,0,1,0,1,0,0,0,0,0,0,0,0,0,1,0,0,0,0,0,0,0,0,0,2,1,0,0,0,0,0,1,1,0,0,0,1,0,0,18,0,4,0,0,8,1,0,0,0,34,1,1,0,0,1,1,0,0,0,0,0,10,50,1,25,0,0,0,0,1,89,33,1,1,20,7,0,2,2,1,0,0,0,0,39,0,0,1,0,0,0,0,0,1,105,0,1,0,0,0,1,0,0,0,0,2,0,0,0,0,0,0,1,0,0,1,0,0,0,0,1,0,1,1,0,0,0,0,0,12,0,0,0,0,0,0,0,1,0,1,0,0,5,0,0,2,42,0,1,3,13,0,2,0,0,15,0,0,0,1,0,1,0,0,7,0,0,2,0,0,0,0,0,0,0,0,0,0,0,0,19,1,0,0,0,0,0,0,0,0,0,0,0,0,26,0,0,0,0,0,1,0,0,0,0,0,0,1,18,1,0,0,0,2,0,1,0,0,0,55,0,0,0,1,2,27,1,0,0,4,1,0,0,1,0,0,55,1,0,1,0,0,0,0,0,0,1,0,0,0,1,0,1,1,0,1,10,0,0,34,0,0,0,0,0,1,0,0,0,0,0,0,1,0,0,0,0,0,0,0,0,0,0,3,0,0,0,2,0,0,0,11,1,0,0,1,0,0,0,0,0,0,0,0,0,1,0,3,1,1,2,0,0,0,0,0,1,0,0,0,0,0,0,0,0,1,1,0,0,1,0,1,0,0,0,0,0,1,0,0,0,0,0,0,0,0,1,0,0,3,0,0,2,0,0,0,0,0,0,0,0,0,0,0,0,0,0,0,0,0,0,0,2,2,3,0,0,0,0,10,0,0,1,0,1,0,0,0,0,0,3,1,1,0,2,0,0,0,0,0,0,0,1,0,0,0,1,0,0,0,0,0,0,0,0,0,0,0,0,0,0,0,0,0,0,0,0,1,1,2,0,0,0,1,0,0,0,0,0,0,0,0,0,0,0,0,0,0,1,1,1,0,12,0,0,0,0,0,32,2,0,0,1,2,67,0,0,0,2,5,0,0,0,4,0,35,0,5,2,1,0,1,0,0,0,0,2,0,0,7,0,0,0,3,0,1,0,0,4,0,0,0,0,0,0,1,0,1,0,9,0,0,1,1,0,0,0,49,0,17,1,1,0,0,0,0,0,0,0,0,0,4,1,0,0,4,4,2,0,0,16,1,2,0,33,0,0,3,1,0,9,20,0,0,0,8,0,1,1,0,4,1,0,4,0,0,0,0,0,0,1,1,0,0,0,0,0,0,0,0,0,0,0,0,0,0,0,0,0,1,2,0,0,1,0,0,1,0,0,0,0,3,0,0,0,0,0,0,1,0,0,0,10,2,1,0,0,0,4,0,0,0,0,7,2,0,0,0,1176,0,0,0,0,0,1,0,0,0,0,0,1,0,0,0,0,5,1,15,1,0,1,0,1,1,0,0,0,0,29,0,0,0,2,9,0,0,0,0,0,0,1,0,1,1,0,5,0,0,0,2,0,0,0,0,0,0,0,28,0,0,0,0,0,23,0,0,0,0,0,0,0,0,0,0,0,0,0,0,0,2,0,0,1,0,0,0,0,0,0,0,0,0,0,1,2,0,0,0,0,0,0,0,0,0,1,0,0,0,0,0,0,0,0,0,0,0,0,0,0,0,0,0,0,5,0,23,0,0,0,0,16,0,0,0,0,0,0,0,0,1,1,0,0,0,0,0,11,1,1,0,4,0,0,0,0,26,0,2,0,0,0,0,0,6,0,2,0,0,0,5,0,24,0,0,0,0,29,0,0,8,3,1,0,0,1,0,1,0,2,0,1,0,0,0,0,27,0,0,0,8,0,0,0,0,0,0,0,1,0,0,1,26,2,0,0,0,0,0,1,0,0,0,0,2,0,0,0,2,1,0,0,1,0,7,0,0,5,0,0,1,0,0,0,0,0,0,0,2,0,0,0,0,0,0,0,0,0,0,1,0,0,1,0,2,1,0,0,14,0,0,0,0,0,0,0,0,0,0,0,0,0,0,2,0,0,0,0,0,0,0,0,21,0,48,0,6,15,0,0,0,1,1,0,0,0,0,0,0,69,0,0,0,0,0,0,0,0,2,0,0,0,0,1,0,0,0,0,0,0,0,0,0,0,0,0,0,0,0,0,0,0,0,0,0,0,0,0,0,7,0,2,1,0,0,0,1,1,0,0,0,0,0,0,0,23,1,0,0,0,3,0,0,5,0,0,0,0,0,0,0,0,0,0,6,40,0,0,0,0,2,0,0,0,2,0,0,2,0,0,0,0,0,0,1,0,0,0,0,7,0,0,0,0,0,0,0,0,0,8,0,1,1,0,0,0,0,1,0,0,0,0,1,0,1,0,0,0,0,0,0,0,0,0,1,0,0,0,1,0,0,1,0,0,1,0,2,1,0,0,1,0,0,1,0,1,0,0,1,0,0,0,0,0,0,0,0,0,0,1,0,0,0,0,0,0,0,27,0,0,0,0
2019,0,0,0,0,0,0,0,0,2,1,0,0,1,1,0,2,0,0,0,0,0,8,0,7,0,0,0,0,0,0,0,1,0,0,0,0,0,0,0,0,0,2,0,0,0,0,0,0,0,0,1,0,1,1,0,1,0,323,0,0,0,0,0,0,1,8,0,0,0,0,0,0,0,0,1,0,0,0,0,1,0,0,0,0,0,0,1,1,0,0,0,0,0,0,1,0,1,0,0,0,0,2,1,0,5,2,11,1,0,0,0,0,0,0,2,0,0,0,0,0,0,0,0,0,0,0,0,0,0,0,5,1,0,0,0,0,0,0,2,0,0,0,0,2,0,1,0,0,1,0,0,0,1,2,0,1,0,0,0,0,2,2,1,0,0,0,0,26,0,4,0,1,15,0,0,0,0,48,0,1,1,0,2,1,0,0,0,0,0,13,78,1,39,0,0,1,0,0,87,56,0,0,32,17,0,0,10,0,0,0,0,0,73,0,4,1,1,0,0,0,0,0,137,1,0,0,0,0,0,0,0,0,0,3,0,0,0,0,4,1,0,1,0,1,1,0,0,0,0,0,1,0,0,0,0,4,1,66,1,0,0,1,0,17,0,0,1,16,6,0,13,0,0,1,37,0,0,0,18,1,2,0,0,14,1,0,0,0,0,0,0,0,2,0,0,3,1,0,0,1,0,0,0,0,0,0,0,0,41,0,0,0,1,0,1,0,0,0,0,0,1,1,53,0,0,0,0,0,0,0,1,0,0,1,1,1,20,0,0,0,0,4,0,1,0,0,0,112,0,0,1,0,6,32,1,0,0,15,6,0,0,1,0,0,105,3,1,0,0,1,0,0,0,0,0,0,0,0,4,0,3,0,0,6,12,0,0,45,1,0,0,0,0,0,0,0,0,0,0,0,0,0,0,0,1,0,0,0,0,2,0,1,0,0,1,1,0,2,0,25,1,0,0,2,0,0,0,0,0,0,0,0,0,0,0,11,0,0,5,0,0,0,2,1,1,1,0,0,0,0,0,0,1,2,1,1,0,0,0,0,0,0,0,0,0,0,0,0,0,0,0,0,1,0,3,0,0,3,0,0,1,0,0,0,1,0,0,0,0,0,0,0,0,0,0,0,1,0,0,0,2,0,7,0,2,0,1,21,0,0,0,0,0,0,0,0,1,0,3,0,0,0,2,0,0,1,0,0,0,1,1,0,0,0,5,0,0,0,0,0,1,0,0,0,0,1,0,0,0,0,0,0,0,0,0,0,3,1,0,1,0,0,0,0,0,0,0,0,0,0,0,0,0,0,1,0,4,3,0,1,13,0,0,0,1,0,44,5,0,0,0,2,100,0,0,0,1,3,0,1,0,3,0,44,0,11,0,0,0,0,1,2,0,0,2,0,0,15,0,1,0,3,1,0,0,0,9,1,0,0,0,1,2,1,0,0,0,5,0,0,0,1,1,1,1,95,0,13,0,1,0,0,0,1,1,0,0,0,0,11,1,0,0,2,1,1,0,0,26,0,5,0,44,2,0,1,0,0,27,32,0,0,0,7,0,1,0,0,9,0,1,2,1,0,1,0,0,1,0,2,0,0,0,1,0,1,0,0,1,0,0,0,0,0,0,1,1,2,0,0,0,0,0,0,0,0,0,0,0,3,0,0,0,0,0,2,2,2,2,0,1,0,2,0,0,0,4,0,1,0,1,7,1,0,0,0,1761,0,0,0,0,1,0,0,0,1,0,0,0,0,0,1,1,3,1,19,0,0,3,0,0,0,0,0,0,0,42,0,0,0,1,8,0,0,2,6,0,0,3,0,1,4,0,5,1,0,1,1,0,0,0,0,0,1,0,38,0,0,1,0,0,34,0,0,0,0,0,0,0,0,1,0,0,1,0,0,0,1,0,0,0,1,0,0,0,0,0,1,0,0,0,0,0,0,0,0,1,0,0,0,0,0,0,0,0,0,0,0,0,0,0,0,0,0,0,0,0,0,0,0,3,4,0,40,0,0,0,0,16,1,0,0,0,1,0,0,1,0,1,0,0,3,0,0,11,0,0,2,4,1,0,0,0,37,1,1,0,0,0,0,0,6,1,1,0,0,1,14,0,59,0,0,0,0,48,0,0,10,2,1,0,1,1,0,0,0,5,0,1,0,0,0,1,63,0,0,0,16,0,0,1,0,0,0,0,0,0,0,0,31,5,0,0,0,0,0,0,0,0,0,0,3,0,0,0,0,0,0,0,1,0,10,0,1,3,0,0,0,0,0,0,0,0,0,0,2,0,0,0,0,0,0,0,0,0,0,0,0,1,0,0,0,0,0,0,21,1,0,0,0,1,0,1,0,0,0,0,0,0,0,2,0,0,2,0,1,1,0,0,31,0,91,0,10,25,0,0,1,0,0,0,0,0,0,0,0,127,0,0,0,0,0,0,1,1,1,2,0,0,0,0,1,1,1,0,0,0,1,0,0,0,0,0,0,1,0,0,1,0,0,0,0,1,0,1,0,14,0,1,1,0,0,1,4,0,0,0,0,0,0,0,1,41,0,0,0,0,1,0,1,4,2,0,0,0,0,0,0,0,0,0,11,57,0,0,1,0,2,0,1,0,5,0,1,5,0,0,0,0,0,0,0,0,0,0,0,3,0,0,1,0,0,0,0,0,1,5,0,0,0,1,0,0,1,1,0,0,0,0,0,0,1,0,0,0,2,1,0,0,0,0,0,0,1,0,0,0,1,0,0,0,1,0,1,0,0,0,0,0,0,0,1,1,0,0,0,0,0,1,0,0,0,0,0,0,0,0,0,0,0,0,0,0,1,28,0,0,0,0
2020,0,2,0,0,0,0,0,1,0,0,0,0,0,0,0,1,0,0,0,1,0,3,0,6,0,0,0,0,0,0,0,2,0,0,0,0,0,0,0,0,0,1,1,0,0,0,0,0,0,1,0,0,0,3,1,7,0,283,0,0,0,1,0,0,0,12,0,0,0,0,0,0,0,1,0,0,0,0,0,0,0,0,0,0,0,0,0,0,0,0,0,0,0,1,3,3,0,0,0,0,0,0,1,0,0,0,18,0,0,0,0,1,0,0,8,0,0,0,1,1,2,0,1,0,0,0,0,1,0,0,1,0,0,0,0,0,0,0,1,0,0,0,0,0,2,7,0,0,0,0,0,0,1,3,0,0,0,0,0,0,1,0,0,0,2,0,2,28,0,1,0,0,11,0,0,0,0,44,0,5,1,1,1,0,1,0,0,0,0,17,80,4,44,1,0,0,0,0,89,58,2,0,18,15,1,2,5,0,0,0,0,1,75,0,0,0,0,0,0,0,0,0,118,2,0,0,0,0,0,0,1,1,0,3,0,0,0,0,1,1,3,0,0,0,1,0,0,1,0,1,5,0,0,1,0,3,2,53,1,0,1,0,0,13,0,0,1,8,3,0,16,0,0,0,28,0,2,0,12,3,2,1,0,16,0,0,1,0,0,1,0,0,9,0,0,0,1,0,0,0,0,1,0,2,0,1,0,2,28,0,0,0,0,0,1,1,0,0,0,0,0,0,37,0,0,0,0,0,3,0,0,0,1,0,0,1,28,0,0,1,2,6,0,11,1,0,1,83,0,1,0,0,11,23,4,0,1,8,1,0,0,0,0,1,65,3,0,2,1,0,0,0,0,0,0,0,0,1,7,0,0,0,0,14,14,0,0,18,0,1,0,0,0,0,0,0,0,1,0,1,0,2,0,1,0,1,0,0,2,0,2,3,0,0,0,2,0,0,0,22,3,0,0,2,0,0,0,0,0,0,0,0,0,0,1,3,0,2,14,0,0,0,1,0,0,0,0,0,1,1,0,0,0,2,1,0,0,0,1,1,0,0,0,0,0,0,0,0,0,0,0,0,0,0,6,0,0,2,0,1,1,0,0,0,0,0,1,0,0,0,0,0,0,1,1,1,0,1,0,0,2,0,6,0,5,0,0,22,0,0,0,0,0,0,0,0,2,1,3,0,0,0,1,0,1,1,0,1,0,0,1,0,0,0,1,1,0,1,3,1,0,0,0,0,0,1,1,0,0,0,0,0,0,1,0,0,4,0,0,0,1,0,2,0,0,0,0,0,0,0,0,0,0,0,0,0,2,2,1,3,17,0,0,0,0,0,34,5,0,0,0,4,73,1,0,1,3,3,0,0,1,3,0,48,0,8,0,3,1,0,0,0,1,0,0,1,0,16,0,2,0,1,2,1,0,0,6,2,0,0,0,0,0,2,0,0,0,13,0,0,0,3,0,2,1,78,0,16,0,7,0,1,0,0,3,0,0,0,0,6,2,0,0,4,2,1,0,0,20,0,4,0,22,3,0,0,0,0,17,33,0,0,0,8,0,0,1,0,3,2,1,6,3,0,1,1,0,1,0,0,0,0,1,0,1,0,0,0,0,2,0,0,0,0,0,0,0,2,0,0,0,0,0,0,0,0,0,0,0,3,0,0,1,0,1,0,0,0,2,0,0,0,1,1,0,0,1,0,0,0,0,4,2,0,0,0,1431,1,0,1,0,0,0,0,0,0,0,1,0,2,0,0,0,5,0,15,0,0,2,0,0,0,0,0,0,0,29,0,0,0,2,8,0,1,1,1,0,0,1,1,0,4,0,8,0,1,1,1,0,0,0,0,1,1,0,44,0,0,0,0,0,19,0,0,0,0,0,0,0,0,0,1,1,0,1,0,0,1,0,0,0,0,2,0,0,0,2,0,1,0,0,0,2,0,0,0,0,0,0,0,0,0,0,0,0,0,0,0,0,0,1,0,0,0,0,0,0,1,1,0,4,2,0,29,2,0,0,1,8,0,0,0,0,0,0,0,0,0,0,0,0,0,0,0,9,0,0,5,2,1,2,1,0,32,0,3,0,0,2,1,0,8,1,0,0,0,3,9,0,51,1,0,1,0,40,0,0,6,1,0,1,1,3,0,0,1,9,0,3,1,0,1,3,52,0,0,0,14,1,0,1,0,0,0,0,0,1,0,0,24,1,0,0,1,0,0,1,0,0,1,0,1,0,0,1,0,0,0,0,1,1,26,0,3,1,0,0,0,1,0,1,0,1,0,0,3,0,0,0,0,0,0,0,0,1,0,0,0,0,0,1,2,0,1,0,9,5,0,0,0,0,1,0,0,0,0,0,0,0,0,1,1,0,3,0,1,0,0,0,33,1,91,0,11,20,0,0,0,0,0,0,0,0,0,0,0,116,0,2,0,0,0,0,0,0,0,0,0,0,0,0,0,0,0,1,0,0,0,0,0,0,0,0,0,0,1,0,1,0,1,0,1,0,0,0,0,2,1,1,0,0,0,2,5,0,0,0,0,0,1,1,3,44,0,0,1,0,5,1,0,3,0,1,0,0,0,0,0,1,0,0,7,42,0,0,0,0,2,0,0,2,1,0,1,6,0,0,1,0,0,0,0,0,0,0,0,2,0,1,0,0,0,0,0,0,0,3,0,0,3,1,0,1,0,0,0,0,1,0,0,0,0,0,0,0,0,1,0,0,0,0,0,0,0,0,0,0,0,0,0,0,0,0,2,0,1,0,0,0,0,0,0,0,0,0,1,1,1,0,1,1,0,0,0,0,0,0,0,1,0,0,0,0,0,49,0,0,0,0
2021,1,4,1,0,1,0,0,1,3,2,0,0,0,0,0,3,0,2,0,0,0,6,0,9,0,0,1,0,1,0,0,2,0,0,0,0,0,1,0,0,1,0,0,2,0,0,0,0,0,0,0,1,1,10,1,6,0,360,0,0,1,0,0,0,2,5,1,0,0,0,1,0,1,0,0,0,0,0,0,0,0,0,0,0,0,0,0,0,0,0,0,2,0,0,0,0,0,0,0,0,1,0,0,1,1,0,21,0,1,0,0,0,1,0,7,0,1,0,0,0,0,0,1,0,0,0,0,0,0,0,9,0,0,0,0,1,0,0,2,0,0,0,0,0,2,1,2,1,0,0,0,0,2,1,0,0,0,1,0,0,0,0,0,0,1,0,1,24,0,1,0,0,8,0,0,0,1,50,0,4,0,0,3,1,1,0,0,0,0,19,78,6,31,2,0,0,1,1,78,46,0,0,22,21,0,4,7,0,0,0,0,0,103,0,0,0,1,0,1,0,0,2,132,0,0,1,0,0,0,0,0,0,0,0,0,0,0,0,0,0,2,0,0,0,0,0,0,1,1,0,2,0,1,0,0,5,0,59,0,1,3,0,0,13,2,0,1,11,0,1,17,1,0,1,36,1,1,0,18,0,5,0,0,15,0,1,0,1,0,0,1,0,9,1,0,2,1,0,0,0,0,0,0,0,1,1,0,0,29,0,1,1,1,0,0,0,0,3,0,0,0,0,34,1,1,0,1,0,1,0,0,0,0,0,1,5,25,0,0,1,0,4,0,6,6,0,0,82,0,1,1,0,15,14,1,0,0,8,3,0,0,0,0,0,90,1,0,2,2,0,0,0,0,0,2,0,0,0,14,1,2,0,1,16,7,1,0,24,0,0,0,2,1,0,0,0,0,0,1,0,0,0,0,0,0,0,0,0,1,1,0,2,0,0,0,1,0,0,0,28,0,0,2,4,0,0,1,0,0,1,0,0,0,0,1,8,0,1,6,1,0,0,2,0,0,4,0,0,0,0,0,0,0,1,1,0,0,0,0,0,0,0,0,0,0,1,0,1,0,0,0,1,0,0,4,1,1,1,0,0,1,0,0,0,0,0,0,0,1,0,0,0,0,0,0,0,0,0,0,0,3,1,4,0,2,0,0,17,1,1,0,0,0,0,0,0,1,0,3,0,0,1,3,0,6,0,0,1,0,2,1,1,2,1,1,0,0,0,2,2,0,0,0,1,2,0,0,0,1,0,0,0,0,0,0,0,7,0,0,2,0,0,1,0,0,1,0,1,0,0,0,0,0,1,0,0,0,5,2,2,8,0,0,0,0,0,38,9,0,0,1,2,60,0,0,0,4,2,0,0,0,9,0,41,0,10,2,1,0,0,0,1,0,0,1,0,0,21,1,0,0,2,0,0,0,0,7,1,0,0,1,0,4,1,0,0,0,10,1,3,0,2,0,1,2,90,0,27,0,2,1,0,0,0,3,0,0,0,0,7,1,1,0,9,0,1,0,0,34,0,4,0,29,1,0,1,1,0,19,39,1,0,0,6,0,0,0,0,4,2,1,5,3,0,0,1,0,0,0,0,0,1,0,0,0,2,0,1,0,1,0,0,0,1,0,0,1,2,0,0,0,1,0,1,0,0,1,1,0,0,0,0,0,0,0,1,2,0,0,0,0,1,3,1,0,1,5,1,0,0,0,7,1,0,0,0,1623,0,0,0,0,0,0,0,0,0,0,0,0,1,0,0,0,5,1,12,3,0,2,0,0,0,0,0,0,0,51,0,0,0,0,8,0,0,0,0,1,0,2,0,0,4,0,3,1,0,0,1,0,0,1,0,2,0,0,36,1,0,0,0,0,22,0,1,0,0,0,0,0,0,1,0,0,0,0,0,0,0,0,2,1,0,1,0,0,0,1,1,2,1,0,0,1,0,1,0,0,0,1,0,0,1,0,0,0,0,0,0,0,1,0,0,1,0,0,0,0,0,0,0,2,5,0,28,0,0,0,0,7,0,2,0,0,0,0,1,0,0,0,0,1,0,0,0,7,0,0,4,3,0,0,0,1,28,0,5,0,0,0,0,0,12,2,0,0,0,3,10,0,56,0,0,0,0,36,0,0,9,2,1,0,0,3,0,0,2,10,0,1,0,0,0,5,40,0,0,0,16,0,0,2,0,0,0,1,0,0,0,0,28,1,0,0,0,0,1,3,0,0,0,0,0,0,0,3,0,1,0,0,1,2,28,0,0,1,0,0,2,1,0,1,0,0,0,0,3,1,0,0,0,0,1,0,0,0,0,0,0,0,0,1,3,1,0,1,6,3,0,1,0,4,0,0,3,0,0,0,1,0,0,4,2,0,3,1,0,0,0,0,34,1,96,0,13,26,0,0,0,0,0,0,0,0,0,0,0,108,1,0,0,0,0,0,0,0,1,4,0,0,1,0,0,0,0,0,1,0,0,0,0,0,1,0,1,0,2,0,0,0,0,0,0,0,0,0,0,4,0,0,0,1,0,1,3,0,0,0,0,0,0,0,0,51,0,0,0,1,4,2,0,1,3,0,0,0,0,1,0,0,0,1,10,56,0,0,0,0,4,1,0,1,4,0,0,3,0,0,0,0,0,0,0,0,0,0,0,0,1,0,0,0,0,1,1,0,0,5,0,0,0,0,0,0,0,0,0,0,0,0,0,0,0,0,0,0,0,0,0,0,0,0,0,0,0,0,1,0,0,0,0,0,1,0,2,0,1,0,0,0,0,0,0,1,0,0,0,0,0,0,0,0,0,0,0,0,0,2,0,0,0,0,0,0,0,83,0,0,0,0
2022,0,0,1,0,0,0,0,0,0,0,1,1,0,0,0,0,0,0,0,0,1,3,0,8,1,0,0,0,0,0,0,3,0,0,0,0,0,0,2,0,0,0,0,0,0,0,0,0,1,1,1,0,1,3,0,7,0,330,0,0,0,0,0,0,0,11,0,0,0,0,0,0,0,0,0,0,0,0,0,0,0,0,0,1,0,0,0,0,1,0,1,1,0,2,0,0,0,0,0,0,0,1,0,0,1,0,20,0,0,0,0,0,0,0,7,0,1,0,0,1,1,0,0,0,0,0,0,0,0,0,6,0,0,0,0,0,0,0,3,0,0,0,0,0,5,0,0,1,0,1,0,0,2,1,0,0,0,0,1,0,0,0,0,0,1,0,2,19,1,2,0,0,12,0,0,0,0,32,0,3,5,0,1,0,1,1,0,0,0,12,73,1,30,1,0,0,0,1,58,44,1,0,15,10,0,1,6,1,0,1,0,0,83,0,0,1,2,0,0,0,0,2,112,1,0,0,0,0,0,0,1,0,0,2,0,0,0,0,2,0,0,0,1,0,0,0,0,0,0,1,0,1,0,0,0,3,2,60,1,0,4,0,0,13,1,3,2,8,1,0,18,0,0,0,30,0,2,0,13,0,0,0,0,16,0,0,0,0,0,0,0,0,4,0,0,0,0,0,0,0,0,0,0,0,1,0,0,0,30,0,0,1,1,0,0,0,0,1,0,0,0,1,30,0,0,0,1,0,2,0,0,0,0,2,0,1,13,0,0,0,0,4,0,9,9,0,0,61,0,0,0,1,5,15,1,0,0,4,4,0,0,0,0,0,65,2,0,0,0,2,0,0,2,1,1,0,1,0,9,0,2,0,0,16,5,0,0,24,0,0,0,0,0,0,0,0,0,0,0,0,0,0,0,0,0,0,0,0,1,0,0,3,1,0,0,2,0,0,0,15,0,0,0,0,0,0,0,0,1,0,1,0,0,0,0,3,0,1,3,0,0,0,0,0,1,5,1,0,0,0,0,0,0,1,2,0,1,0,0,0,0,0,0,0,1,0,0,1,1,0,0,2,1,1,1,0,0,1,0,1,0,0,1,1,0,0,0,0,0,0,0,0,0,0,1,0,0,0,0,0,5,3,7,0,3,1,0,19,0,0,0,0,0,0,0,0,0,0,3,0,0,1,1,1,0,0,0,0,0,1,3,0,0,0,6,0,0,1,2,1,0,0,1,0,0,1,0,0,0,0,1,0,1,0,0,0,3,0,0,3,0,0,1,0,0,0,0,0,0,0,1,0,0,0,0,1,0,0,1,1,6,0,1,0,0,0,34,20,0,0,0,4,50,0,1,1,5,3,0,0,0,8,0,39,0,11,2,1,1,0,0,0,0,1,1,0,0,10,0,0,0,1,1,1,0,1,5,0,0,0,0,1,1,0,0,0,0,7,0,1,0,1,1,2,0,76,0,12,0,2,1,0,0,0,1,0,0,0,0,5,1,1,0,1,0,0,0,1,20,1,3,1,23,0,0,0,0,0,8,30,0,0,0,10,0,0,0,0,5,1,0,6,0,1,0,0,2,0,0,0,0,0,1,0,0,1,0,0,0,2,0,0,0,0,0,1,2,1,0,0,1,1,0,0,0,0,0,0,0,2,0,0,0,0,0,1,0,0,2,0,1,0,12,0,0,0,4,0,0,0,0,3,1,0,0,0,1531,0,0,0,0,0,0,0,0,0,0,0,0,0,0,0,0,4,0,8,2,0,2,1,0,0,0,0,0,0,41,1,0,0,1,9,0,1,1,0,0,0,3,0,0,5,0,5,1,0,0,2,0,0,0,0,3,0,0,43,0,0,0,0,0,20,0,0,0,0,0,0,0,0,0,1,0,0,0,0,1,0,0,1,1,0,1,0,0,0,1,0,3,1,1,1,2,0,0,0,0,0,0,0,0,0,0,0,0,0,0,0,0,0,0,0,0,0,1,1,0,0,1,0,3,1,0,32,3,0,0,0,8,0,0,0,0,0,0,0,2,0,0,1,0,1,0,0,6,0,0,10,5,0,0,0,0,21,0,0,0,0,0,1,0,7,0,2,0,0,1,5,1,41,0,0,1,0,26,0,0,13,0,0,0,0,3,0,0,0,8,1,1,0,0,0,3,42,2,0,1,8,0,0,2,0,0,1,0,0,0,0,1,27,1,0,0,0,0,1,1,1,0,0,0,2,0,0,4,0,0,0,0,2,0,19,0,2,2,1,1,0,0,2,2,0,0,0,0,2,0,0,1,0,0,0,0,0,0,0,0,0,0,0,2,0,1,0,0,5,2,0,0,0,1,0,0,0,0,0,0,0,0,0,1,0,0,2,0,1,1,1,0,44,0,61,1,7,24,0,0,0,0,0,0,0,0,0,1,0,97,0,0,0,0,0,0,0,0,2,0,0,1,1,0,0,0,0,0,0,0,0,1,0,0,0,0,0,1,0,0,0,0,3,0,0,0,0,0,0,2,0,0,2,1,1,1,4,0,0,1,0,0,0,0,2,42,0,0,0,2,5,0,0,1,2,0,0,0,2,0,0,0,0,0,5,40,0,0,0,0,4,2,0,3,3,1,0,2,0,1,0,0,0,0,0,0,0,0,0,0,0,0,0,0,0,0,0,0,0,4,0,0,1,1,0,0,0,0,0,0,0,0,0,0,0,1,0,1,0,1,0,0,1,0,0,0,0,0,0,0,0,0,0,0,1,0,4,0,0,1,0,0,0,0,0,0,0,0,0,0,0,2,0,0,0,0,0,0,0,2,1,1,0,0,0,0,0,166,0,0,0,0
2023,0,1,1,0,0,0,0,0,0,0,0,0,0,0,1,0,0,0,0,1,0,4,0,7,0,0,0,1,0,0,1,1,0,0,0,0,0,0,1,0,1,1,0,0,0,0,0,1,0,0,0,1,0,4,0,7,0,286,0,0,0,0,0,0,1,8,0,0,0,0,0,0,0,0,0,1,0,0,0,0,0,0,0,0,0,2,0,0,0,0,0,0,0,1,1,0,0,1,0,0,0,0,0,0,2,0,5,0,0,0,0,1,0,0,6,1,0,0,1,1,0,0,0,0,0,0,0,2,0,1,2,0,0,0,0,1,0,0,1,0,0,0,0,0,2,1,0,0,0,0,0,0,0,1,0,0,0,0,0,1,1,0,0,0,1,0,2,14,0,3,0,0,6,2,0,1,0,38,0,4,2,1,7,1,0,1,1,0,0,13,47,3,22,0,1,0,1,0,50,51,0,0,7,6,0,4,6,0,1,1,0,0,86,0,0,0,0,0,0,0,0,0,130,0,0,0,0,0,0,0,0,0,0,2,0,0,0,0,0,0,0,0,0,0,1,0,0,0,1,0,3,2,0,0,0,2,0,44,0,0,4,0,1,10,0,1,2,7,2,0,18,0,0,1,21,0,2,0,11,0,0,0,0,11,0,1,0,1,0,0,0,0,5,0,0,0,0,1,1,0,0,0,0,0,0,0,0,0,43,0,0,0,2,0,0,0,0,1,1,0,0,1,24,0,0,0,1,0,1,0,1,0,1,2,0,1,19,0,0,0,0,2,2,5,6,0,0,79,0,0,0,0,6,20,1,0,0,7,2,0,0,0,0,0,60,1,0,0,0,1,1,0,0,0,1,0,0,0,3,0,2,0,0,14,5,0,0,16,0,0,2,0,0,0,1,0,0,0,0,0,0,0,0,0,0,0,1,1,0,1,0,1,0,0,0,3,0,0,0,12,1,1,2,1,1,0,0,0,0,0,0,0,0,0,0,3,0,2,8,0,0,0,1,0,0,0,0,0,0,0,0,0,0,2,0,0,0,0,0,0,0,0,0,1,0,0,0,0,0,0,0,2,0,0,2,0,0,1,0,0,0,1,0,0,0,0,0,0,0,0,1,0,0,0,2,0,0,0,0,0,4,0,2,0,1,0,2,14,0,1,0,1,0,0,0,0,0,0,0,0,0,0,1,1,2,0,0,0,0,0,2,1,0,0,2,0,0,0,1,0,0,0,0,0,0,0,0,0,0,0,0,0,0,0,0,0,2,0,0,1,0,0,2,0,0,0,0,0,0,0,0,0,0,0,0,0,4,1,1,2,11,1,0,0,0,0,29,17,0,0,0,4,33,0,0,0,4,0,0,0,0,9,0,22,1,6,0,1,1,0,0,0,0,0,2,0,0,15,0,0,0,2,0,0,0,1,4,0,0,0,0,1,0,1,0,0,0,13,0,0,0,1,0,1,0,61,1,19,0,2,0,0,0,0,2,0,0,0,0,1,2,0,0,5,0,1,0,0,21,0,7,0,15,2,1,2,0,0,12,29,0,0,0,6,0,0,0,0,3,0,0,5,2,0,1,0,1,2,0,1,0,0,0,0,0,1,0,0,0,0,0,0,0,0,0,0,3,0,0,1,0,0,0,0,0,0,0,0,0,0,1,1,0,0,0,0,1,0,1,0,3,2,6,0,0,0,7,0,0,0,0,2,0,0,0,0,1358,0,0,0,0,0,0,0,0,0,0,0,0,0,0,0,0,1,0,13,0,1,1,0,0,0,0,0,0,0,20,0,1,0,0,10,0,0,0,5,0,0,0,0,0,3,0,1,0,0,2,1,0,0,0,0,1,1,0,43,0,1,0,0,0,5,0,0,0,1,0,0,0,0,0,0,0,0,0,0,0,0,0,1,1,2,1,0,0,0,0,1,1,0,1,0,1,0,0,0,0,0,0,0,0,1,0,0,1,0,0,0,0,0,1,0,0,0,0,0,0,0,0,0,0,0,0,23,0,1,0,1,11,0,0,0,0,0,0,0,0,0,0,0,0,0,0,0,10,0,0,8,3,0,0,0,0,17,0,1,1,1,0,0,0,2,0,0,0,0,1,10,1,48,0,0,0,0,24,0,1,6,1,1,0,0,2,0,0,0,6,0,0,0,0,0,2,44,1,0,0,5,1,1,0,0,0,0,0,0,0,0,0,26,2,0,0,0,0,0,0,1,0,1,0,2,0,0,0,0,0,0,0,0,0,15,0,1,0,0,0,0,0,0,1,0,0,0,0,1,0,0,0,0,0,0,0,0,0,0,0,0,0,0,0,1,0,0,0,11,7,0,0,0,2,0,0,3,0,0,0,0,0,0,1,0,0,2,0,1,0,1,1,28,0,66,0,7,24,0,0,0,0,0,0,0,1,0,0,0,83,0,1,0,0,0,0,0,0,4,2,0,0,0,0,0,0,0,0,0,0,2,0,0,0,0,0,0,0,0,0,0,0,0,1,0,0,0,0,0,5,0,0,0,1,0,0,4,0,0,1,1,0,0,0,3,24,0,0,0,0,3,5,0,2,0,0,0,0,0,0,1,0,0,0,4,38,0,0,0,0,1,0,0,3,1,0,0,0,0,0,0,0,0,0,0,1,0,0,0,0,0,0,0,0,0,0,0,0,0,4,0,0,0,0,0,0,0,1,1,0,0,0,0,0,0,0,0,1,0,0,0,0,0,0,0,1,0,0,0,0,0,0,0,0,0,0,4,0,0,0,0,0,0,0,0,0,0,1,0,0,0,0,0,0,0,0,1,0,0,0,0,0,1,0,0,0,0,45,0,1,0,0
2024,0,3,2,0,0,0,0,0,1,0,0,0,0,0,0,0,1,1,1,0,0,7,0,12,1,0,0,0,1,0,0,0,0,0,0,1,0,1,0,0,0,0,0,0,0,0,0,0,0,0,0,0,2,5,1,6,0,255,0,1,0,0,0,0,0,2,0,0,0,0,0,0,0,0,0,0,0,0,1,0,1,1,0,0,0,1,0,0,0,0,0,0,1,0,2,0,0,2,0,0,0,0,0,0,0,0,3,0,0,0,0,0,0,0,3,0,0,0,1,0,1,0,1,1,0,0,0,0,0,0,3,0,0,0,0,0,0,0,5,1,2,0,0,0,2,1,0,1,0,0,0,0,1,0,0,0,0,0,0,0,0,0,0,1,1,0,0,9,0,0,0,0,5,1,2,0,0,24,0,1,2,0,3,1,1,1,0,0,0,22,36,5,30,0,1,1,0,1,41,33,1,0,12,13,0,4,7,0,0,1,0,0,90,0,0,0,0,0,0,0,0,3,90,2,0,0,0,0,0,1,0,0,0,1,0,0,0,0,1,0,2,0,0,0,0,0,0,1,3,0,0,1,0,0,0,4,0,51,0,1,0,0,0,11,2,2,0,3,1,0,11,0,0,1,33,1,1,0,10,0,1,0,1,15,0,0,0,0,0,0,0,1,3,0,0,1,1,0,0,0,1,0,0,0,0,0,1,0,40,0,0,0,2,0,0,0,0,1,0,0,0,0,19,0,0,0,0,0,2,0,0,0,0,1,0,3,25,0,0,1,2,2,0,1,5,0,0,66,1,0,0,0,3,14,2,0,1,6,0,0,0,0,0,1,57,1,0,0,0,0,0,0,0,0,0,0,0,0,4,0,2,1,0,4,6,0,0,18,0,0,0,0,0,0,0,0,1,1,0,0,0,0,0,0,0,0,0,0,0,1,0,3,0,0,0,1,0,0,0,12,2,0,0,0,0,0,0,0,1,0,0,0,0,0,0,4,0,0,6,1,0,1,0,0,0,2,0,1,1,0,1,0,0,3,1,0,0,0,0,0,0,0,0,1,0,0,0,1,0,0,0,0,1,0,2,0,0,0,0,1,0,0,0,0,0,0,0,0,0,0,0,0,0,0,1,0,0,0,0,0,3,0,8,1,1,0,0,7,0,0,0,0,0,0,0,0,1,0,1,1,0,1,1,0,1,0,0,0,0,0,2,0,0,0,3,0,0,0,1,0,0,0,1,0,0,1,0,1,0,1,0,0,0,0,0,0,3,1,0,1,2,0,0,0,1,0,0,0,0,0,0,0,0,0,0,0,0,1,1,0,6,1,0,0,0,0,21,14,0,0,0,0,28,0,0,0,3,0,0,0,0,2,1,21,0,12,0,0,0,0,0,1,1,0,0,0,0,13,0,1,0,0,0,0,0,0,4,0,0,0,0,3,1,0,0,0,0,6,0,0,0,0,0,1,0,48,0,21,0,1,0,0,1,0,2,0,0,0,0,4,1,0,0,1,0,0,0,0,20,0,4,0,17,0,0,0,1,0,15,12,0,0,0,4,1,0,0,0,4,0,0,2,0,0,0,1,0,0,0,0,0,0,0,0,0,1,0,0,0,0,0,0,1,0,0,1,1,0,0,0,0,0,1,0,0,0,0,0,0,0,0,0,0,1,0,1,2,3,5,0,1,1,4,0,1,0,3,0,0,0,0,0,0,0,0,0,1245,0,0,0,0,0,0,0,0,0,0,0,0,0,0,0,0,3,0,14,0,1,0,0,0,0,0,0,0,0,29,0,0,0,0,8,0,1,0,3,0,0,1,0,0,5,0,6,0,0,1,2,0,0,0,0,1,2,0,47,0,0,0,0,0,3,0,0,0,0,0,0,0,0,1,0,0,0,0,1,1,0,0,0,1,0,0,1,0,0,0,1,1,0,0,0,2,0,0,1,0,0,0,0,1,0,0,0,0,0,1,0,0,0,0,0,0,1,0,0,0,0,0,1,0,1,0,23,0,0,0,0,4,0,0,0,0,1,2,0,0,0,0,1,0,1,0,0,8,0,0,2,2,0,0,0,0,16,0,2,0,0,0,0,0,1,1,0,0,0,1,7,1,26,0,0,2,2,22,0,0,12,0,0,0,0,2,0,0,0,4,0,2,0,0,0,2,27,1,0,0,4,0,0,2,0,0,0,0,0,0,1,0,20,1,1,0,0,0,0,1,0,1,1,1,1,0,0,2,0,0,0,0,0,0,12,0,0,0,0,0,0,0,0,1,0,0,0,0,3,1,1,0,0,0,0,0,2,0,0,0,0,0,0,0,1,1,0,0,5,2,0,0,0,0,0,0,0,0,0,0,0,0,0,1,0,0,3,0,0,0,0,0,28,0,60,0,4,12,0,0,0,0,0,0,0,0,0,0,0,74,0,2,0,0,0,0,0,0,1,0,1,0,0,0,0,0,0,0,0,0,0,0,0,0,0,1,0,0,0,0,0,0,1,0,0,0,0,0,0,4,0,1,1,0,0,1,3,0,2,0,0,0,0,0,1,20,0,0,0,0,8,3,0,1,0,0,0,1,0,0,0,0,0,0,3,36,0,0,0,1,5,0,0,0,3,0,0,3,1,0,0,0,0,0,0,0,0,0,0,0,0,0,1,0,0,0,0,0,0,1,0,0,0,0,0,0,0,0,0,0,0,0,0,0,0,0,0,0,0,0,0,0,0,0,0,0,0,0,0,0,0,2,0,0,0,0,1,0,2,0,0,0,0,0,0,0,0,0,0,0,0,0,0,0,0,0,0,0,0,0,0,0,0,1,0,0,0,14,0,0,0,1
2025,1,6,3,1,0,7,1,0,2,0,0,0,0,0,0,1,0,1,0,0,0,5,0,2,0,0,0,0,2,0,0,0,1,1,1,1,0,0,0,1,1,0,0,0,1,1,0,0,0,5,0,1,3,3,0,3,0,218,0,0,0,0,1,0,0,6,1,3,1,1,0,0,0,0,1,0,0,0,0,0,0,0,0,0,1,0,0,0,0,0,0,0,0,0,7,0,0,2,0,1,0,0,0,0,1,0,1,0,0,0,0,1,0,0,4,0,0,0,0,0,0,0,0,0,0,0,0,0,0,0,1,0,0,1,0,0,0,0,2,0,0,2,0,0,4,0,0,1,0,0,0,0,1,2,0,1,0,0,0,0,0,0,0,1,3,0,0,12,0,0,0,0,10,20,0,0,0,22,0,4,4,0,6,0,1,0,0,0,0,11,34,3,15,0,0,0,0,0,47,30,0,0,8,11,0,3,8,0,1,1,0,0,85,0,0,0,0,1,0,0,0,1,103,0,0,0,1,0,0,0,0,0,0,1,1,0,1,0,2,0,1,0,0,0,0,0,0,0,2,0,3,1,0,0,1,1,0,38,1,0,1,0,0,8,0,1,1,6,5,0,8,0,0,0,21,1,1,0,15,1,5,0,0,12,0,0,0,0,0,1,0,0,4,0,0,0,0,0,1,0,0,0,0,0,0,1,0,0,34,0,0,1,4,0,3,0,0,0,2,0,0,0,18,0,0,0,1,0,9,1,0,2,0,0,0,1,21,0,1,0,0,4,0,0,4,1,0,44,1,1,0,1,2,10,4,0,0,3,0,0,0,0,0,1,42,1,0,0,0,0,0,0,0,2,0,0,0,0,1,0,0,0,0,1,7,0,0,2,0,0,0,0,0,0,0,0,0,0,0,0,0,0,0,0,0,0,0,0,0,0,3,1,0,0,0,2,0,0,0,6,2,0,0,0,0,0,0,3,0,1,0,0,0,0,0,2,0,0,3,0,0,0,0,0,0,1,0,0,0,0,1,0,0,3,0,0,0,0,0,0,0,0,0,0,0,0,1,0,0,0,0,2,0,0,1,0,0,0,0,0,0,0,0,0,0,0,0,0,0,2,0,1,0,0,3,0,0,0,0,0,2,0,6,0,1,0,0,6,0,0,0,0,0,1,1,1,0,0,0,1,0,0,1,0,0,0,0,0,0,0,2,0,0,0,0,0,0,0,1,0,0,0,0,0,0,0,0,0,0,0,0,0,0,0,0,0,0,0,0,1,0,0,0,1,0,0,0,0,0,0,0,1,1,0,0,1,1,2,0,2,3,3,0,1,0,0,24,7,11,0,0,1,28,0,0,0,3,0,0,0,0,1,0,15,0,17,0,1,0,1,0,3,1,0,0,0,0,13,0,0,0,4,0,0,0,1,4,1,0,0,0,2,1,0,0,0,0,3,0,1,0,1,0,3,0,53,0,7,0,1,0,0,0,0,0,2,1,1,0,7,1,3,0,4,0,1,0,0,13,0,5,0,18,1,0,1,0,0,16,17,0,0,0,0,0,2,0,0,5,0,1,2,0,0,0,2,0,0,0,0,1,0,2,0,0,0,0,0,0,1,0,0,0,0,0,0,0,2,0,0,0,0,0,0,0,0,0,0,0,0,0,1,0,0,0,0,1,2,3,0,0,5,1,0,0,0,10,0,0,0,0,0,2,0,0,0,1177,0,2,0,0,0,0,0,0,0,0,0,0,0,1,0,0,3,0,3,1,0,0,0,0,1,1,1,0,1,25,0,0,1,1,6,0,0,1,1,0,0,0,0,0,4,0,4,0,2,0,0,1,1,0,0,0,11,0,41,1,1,0,0,0,7,1,0,0,0,0,0,0,0,1,0,0,0,0,0,1,0,0,0,0,2,1,0,0,0,1,3,0,0,1,0,0,0,0,0,0,1,0,0,0,0,0,0,0,0,0,0,0,0,0,0,0,1,0,0,0,0,0,0,1,3,0,26,0,0,0,0,4,0,0,0,0,1,0,0,0,0,0,0,0,1,0,0,10,0,0,0,3,0,0,0,0,24,0,1,0,0,0,0,0,1,0,0,0,0,0,6,1,39,0,0,2,0,12,0,0,8,0,0,0,0,1,1,0,0,12,0,0,0,0,0,0,48,1,0,0,4,0,0,0,0,0,0,0,0,0,1,1,13,1,0,1,0,0,1,0,0,0,2,0,0,0,0,1,0,0,0,0,0,0,13,0,1,0,0,0,0,0,0,3,1,0,1,0,1,0,0,0,0,0,0,0,1,0,0,0,0,0,0,0,6,0,0,0,5,3,1,0,0,1,0,0,0,0,0,0,0,0,1,4,0,0,0,0,0,0,0,0,14,0,50,0,3,9,0,0,0,0,0,0,0,0,1,0,0,67,0,3,0,1,0,0,0,0,2,5,0,0,1,0,0,0,0,0,1,0,0,0,1,1,0,0,0,0,0,0,0,0,0,1,0,0,0,0,1,0,0,2,0,0,0,2,1,0,0,0,0,0,0,0,0,9,0,0,0,0,5,0,0,0,0,0,1,0,0,0,0,0,1,0,5,28,0,0,0,0,0,0,0,0,1,1,0,0,0,0,0,0,0,0,0,0,0,0,0,0,0,0,0,0,0,0,0,0,0,1,1,0,0,0,0,0,0,0,0,0,0,0,1,0,0,0,0,0,0,0,0,0,0,1,0,0,0,0,0,0,0,0,0,0,1,0,0,0,0,0,0,0,0,1,0,0,0,0,0,0,0,0,0,0,1,0,0,0,1,0,0,0,0,0,0,0,0,5,0,0,0,0
